,title,network,imdb_rating,num_imdb_ratings,rt_critic_rating,rt_audience_rating,genres,tv_rating,release_year,runtime_mins,imdb_url
0,La Casa de Papel,Netflix,8.5,215007,91.0,82.0,"['action', 'crime', 'mystery', 'thriller']",TV-MA,2017.0,70.0,https://www.imdb.com/title/tt6468322/
1,Ozark,Netflix,8.4,136710,81.0,91.0,"['crime', 'drama', 'thriller']",TV-MA,2017.0,60.0,https://www.imdb.com/title/tt5071412/
2,Tiger King,Netflix,7.8,33700,86.0,86.0,"['documentary', 'crime']",TV-MA,2020.0,31.0,https://www.imdb.com/title/tt11823076/
3,Westworld,HBO,8.7,388252,85.0,80.0,"['drama', 'mystery', 'sci-fi', 'western']",TV-MA,2016.0,62.0,https://www.imdb.com/title/tt0475784/
4,The Walking Dead,AMC,8.2,821809,81.0,78.0,"['drama', 'horror', 'thriller']",TV-MA,2010.0,44.0,https://www.imdb.com/title/tt1520211/
5,Community,NBC,8.5,185048,88.0,88.0,['comedy'],TV-14,2009.0,22.0,https://www.imdb.com/title/tt1439629/
6,Better Call Saul,AMC,8.7,280536,97.0,96.0,"['crime', 'drama']",TV-MA,2015.0,46.0,https://www.imdb.com/title/tt3032476/
7,Unorthodox,Netflix,8.2,15568,93.0,94.0,['drama'],TV-MA,2020.0,21.0,https://www.imdb.com/title/tt9815454/
8,Game of Thrones,HBO,9.3,1658978,89.0,86.0,"['action', 'adventure', 'drama', 'fantasy', 'romance']",TV-MA,2011.0,57.0,https://www.imdb.com/title/tt0944947/
9,Tales from the Loop,Amazon,7.5,3362,82.0,79.0,"['drama', 'sci-fi']",TV-MA,2020.0,50.0,https://www.imdb.com/title/tt8741290/
10,Breaking Bad,AMC,9.5,1332330,96.0,98.0,"['crime', 'drama', 'thriller']",TV-MA,2008.0,49.0,https://www.imdb.com/title/tt0903747/
11,Grey's Anatomy,ABC,7.6,231121,83.0,80.0,"['drama', 'romance']",TV-14,2005.0,41.0,https://www.imdb.com/title/tt0413573/
12,Homeland,Showtime,8.3,293795,85.0,86.0,"['crime', 'drama', 'mystery', 'thriller']",TV-MA,2011.0,55.0,https://www.imdb.com/title/tt1796960/
13,The Office,NBC,8.9,348547,81.0,92.0,['comedy'],TV-14,2005.0,22.0,https://www.imdb.com/title/tt0386676/
14,Schitt's Creek,POP,8.3,30569,92.0,96.0,['comedy'],TV-14,2015.0,22.0,https://www.imdb.com/title/tt3526078/
15,Peaky Blinders,Netflix,8.8,276218,92.0,94.0,"['crime', 'drama']",TV-MA,2013.0,60.0,https://www.imdb.com/title/tt2442560/
16,Modern Family,ABC,8.4,325823,85.0,87.0,"['comedy', 'drama', 'romance']",TV-PG,2009.0,22.0,https://www.imdb.com/title/tt1442437/
17,Outlander,Starz,8.4,108101,92.0,90.0,"['drama', 'fantasy', 'romance']",TV-MA,2014.0,64.0,https://www.imdb.com/title/tt3006802/
18,The Mandalorian,Disney+,8.7,153512,93.0,93.0,"['action', 'adventure', 'sci-fi']",TV-PG,2019.0,30.0,https://www.imdb.com/title/tt8111088/
19,Vikings,History,8.6,383867,93.0,89.0,"['action', 'adventure', 'drama', 'history', 'romance', 'war']",TV-MA,2013.0,44.0,https://www.imdb.com/title/tt2306299/
20,Little Fires Everywhere,Hulu,7.6,2400,78.0,65.0,['drama'],TV-MA,2020.0,53.0,https://www.imdb.com/title/tt8089592/
21,Homecoming,Amazon Prime Video,7.5,15757,98.0,71.0,"['drama', 'thriller']",TV-MA,2018.0,30.0,https://www.imdb.com/title/tt7008682/
22,Brooklyn Nine-Nine,FOX; NBC,8.4,186718,97.0,93.0,"['comedy', 'crime']",TV-14,2013.0,22.0,https://www.imdb.com/title/tt2467372/
23,Supernatural,CW,8.4,371347,93.0,86.0,"['drama', 'fantasy', 'horror', 'mystery', 'thriller']",TV-14,2005.0,44.0,https://www.imdb.com/title/tt0460681/
24,All American,CW,7.6,4369,96.0,,"['drama', 'sport']",TV-14,2018.0,45.0,https://www.imdb.com/title/tt7414406/
25,Stranger Things,Netflix,8.8,725728,93.0,91.0,"['drama', 'fantasy', 'horror', 'mystery', 'sci-fi', 'thriller']",TV-14,2016.0,51.0,https://www.imdb.com/title/tt4574334/
26,The Blacklist,NBC,8.0,177735,91.0,89.0,"['crime', 'drama', 'mystery', 'thriller']",TV-14,2013.0,43.0,https://www.imdb.com/title/tt2741602/
27,Killing Eve,BBC America/AMC,8.3,65731,92.0,88.0,"['action', 'adventure', 'drama', 'thriller']",TV-14,2018.0,42.0,https://www.imdb.com/title/tt7016936/
28,Friends,NBC,8.9,750880,78.0,94.0,"['comedy', 'romance']",TV-14,1994.0,22.0,https://www.imdb.com/title/tt0108778/
29,Star Trek: Picard,CBS,7.7,30229,87.0,60.0,"['action', 'adventure', 'drama', 'sci-fi']",TV-MA,2020.0,46.0,https://www.imdb.com/title/tt8806524/
30,Black Mirror,Netflix,8.8,392377,83.0,81.0,"['drama', 'sci-fi', 'thriller']",TV-MA,2011.0,60.0,https://www.imdb.com/title/tt2085059/
31,Lucifer,FOX/Netflix ,8.2,190032,87.0,85.0,"['crime', 'drama', 'fantasy']",TV-14,2015.0,42.0,https://www.imdb.com/title/tt4052886/
32,Devs,Hulu,7.9,5097,81.0,69.0,"['drama', 'mystery', 'sci-fi', 'thriller']",TV-MA,2020.0,50.0,https://www.imdb.com/title/tt8134186/
33,Criminal Minds,CBS,8.1,148106,87.0,,"['crime', 'drama', 'mystery', 'thriller']",TV-14,2005.0,42.0,https://www.imdb.com/title/tt0452046/
34,Elite,Netflix,7.6,33723,97.0,88.0,"['crime', 'drama', 'thriller']",TV-MA,2018.0,60.0,https://www.imdb.com/title/tt7134908/
35,The Witcher,Netflix,8.3,242899,67.0,92.0,"['action', 'adventure', 'drama', 'fantasy', 'horror', 'mystery']",TV-MA,2019.0,60.0,https://www.imdb.com/title/tt5180504/
36,Rick and Morty,Cartoon Network,9.2,330309,95.0,94.0,"['animation', 'adventure', 'comedy', 'sci-fi']",TV-14,2013.0,23.0,https://www.imdb.com/title/tt2861424/
37,The Wire,HBO,9.3,263663,94.0,97.0,"['crime', 'drama', 'thriller']",TV-MA,2002.0,59.0,https://www.imdb.com/title/tt0306414/
38,Home Before Dark,Apple TV+,7.6,1430,80.0,95.0,"['crime', 'drama', 'mystery']",TV-14,2020.0,54.0,https://www.imdb.com/title/tt6053512/
39,The Big Show Show,Netflix,6.5,863,84.0,,['comedy'],unrated,2020.0,25.0,https://www.imdb.com/title/tt10726356/
40,The Sopranos,HBO,9.2,273689,92.0,98.0,"['crime', 'drama']",TV-MA,1999.0,55.0,https://www.imdb.com/title/tt0141842/
41,Dark,Netflix,8.7,168730,94.0,94.0,"['crime', 'drama', 'mystery', 'sci-fi', 'thriller']",TV-MA,2017.0,60.0,https://www.imdb.com/title/tt5753856/
42,The Flash,CW,7.7,293837,89.0,71.0,"['action', 'adventure', 'drama', 'sci-fi']",TV-PG,2014.0,43.0,https://www.imdb.com/title/tt3107288/
43,Sex Education,Netflix,8.3,125342,94.0,,"['comedy', 'drama']",TV-MA,2019.0,45.0,https://www.imdb.com/title/tt7767422/
44,Hunters,SyFy,7.2,19577,59.0,,"['crime', 'drama', 'mystery']",TV-MA,2020.0,60.0,https://www.imdb.com/title/tt7456722/
45,Fargo,FX,8.9,297634,96.0,93.0,"['crime', 'drama', 'thriller']",TV-MA,2014.0,53.0,https://www.imdb.com/title/tt2802850/
46,Prison Break,FOX,8.3,448235,60.0,77.0,"['action', 'crime', 'drama', 'mystery', 'thriller']",TV-14,2005.0,44.0,https://www.imdb.com/title/tt0455275/
47,Future Man,Hulu,7.8,17792,91.0,83.0,"['action', 'adventure', 'comedy', 'fantasy', 'sci-fi']",TV-MA,2017.0,30.0,https://www.imdb.com/title/tt4975856/
48,Hawaii Five-0,CBS,7.3,64314,72.0,,"['action', 'crime', 'drama']",TV-14,2010.0,42.0,https://www.imdb.com/title/tt1600194/
49,The Outsider,HBO,8.0,41430,82.0,85.0,"['crime', 'drama', 'fantasy', 'mystery', 'thriller']",TV-MA,2020.0,60.0,https://www.imdb.com/title/tt8550800/
50,Law & Order: Special Victims Unit,NBC,8.0,75227,93.0,,"['crime', 'drama', 'mystery', 'thriller']",TV-14,1999.0,60.0,https://www.imdb.com/title/tt0203259/
51,Altered Carbon,Netflix,8.1,129504,76.0,64.0,"['action', 'drama', 'sci-fi', 'thriller']",TV-MA,2018.0,60.0,https://www.imdb.com/title/tt2261227/
52,The Good Doctor,ABC,8.2,54676,85.0,,['drama'],TV-14,2017.0,41.0,https://www.imdb.com/title/tt6470478/
53,Suits,USA,8.5,345074,90.0,86.0,"['comedy', 'drama']",TV-14,2011.0,44.0,https://www.imdb.com/title/tt1632701/
54,The Handmaid's Tale,Hulu,8.5,150533,88.0,77.0,"['drama', 'sci-fi', 'thriller']",TV-MA,2017.0,60.0,https://www.imdb.com/title/tt5834204/
55,Legacies,CW,7.5,14928,84.0,,"['adventure', 'drama', 'fantasy', 'horror', 'mystery']",TV-14,2018.0,45.0,https://www.imdb.com/title/tt8103070/
56,Freud,Netflix,6.6,5575,50.0,,['crime'],TV-MA,2020.0,55.0,https://www.imdb.com/title/tt8667956/
57,How to Get Away with Murder,ABC,8.1,113146,90.0,86.0,"['crime', 'drama', 'mystery', 'thriller']",TV-14,2014.0,43.0,https://www.imdb.com/title/tt3205802/
58,Star Wars: The Clone Wars,Cartoon Network,8.1,47214,93.0,90.0,"['animation', 'action', 'adventure', 'drama', 'fantasy', 'sci-fi']",TV-PG,2008.0,23.0,https://www.imdb.com/title/tt0458290/
59,Shameless,Showtime,8.6,188173,85.0,83.0,"['comedy', 'drama']",TV-MA,2011.0,46.0,https://www.imdb.com/title/tt1586680/
60,Locke & Key,Netflix,7.4,28620,66.0,70.0,"['drama', 'fantasy', 'horror', 'thriller']",TV-14,2020.0,48.0,https://www.imdb.com/title/tt3007572/
61,American Horror Story,FX,8.1,264112,76.0,,"['drama', 'horror', 'thriller']",TV-MA,2011.0,60.0,https://www.imdb.com/title/tt1844624/
62,Mad Men,AMC,8.6,193015,94.0,96.0,['drama'],TV-14,2007.0,47.0,https://www.imdb.com/title/tt0804503/
63,The Crown,Netflix,8.7,109909,89.0,90.0,"['drama', 'history']",TV-MA,2016.0,58.0,https://www.imdb.com/title/tt4786824/
64,Chernobyl,HBO,9.4,442470,96.0,98.0,"['drama', 'history', 'thriller']",TV-MA,2019.0,33.0,https://www.imdb.com/title/tt7366338/
65,NCIS,CBS,7.8,113655,87.0,,"['action', 'crime', 'drama', 'mystery', 'thriller']",TV-14,2003.0,44.0,https://www.imdb.com/title/tt0364845/
66,The 100,CW,7.7,191640,92.0,78.0,"['drama', 'mystery', 'sci-fi']",TV-14,2014.0,43.0,https://www.imdb.com/title/tt2661044/
67,Zoey's Extraordinary Playlist,NBC,7.9,4191,74.0,84.0,"['comedy', 'drama', 'musical']",TV-14,2020.0,60.0,https://www.imdb.com/title/tt10314462/
68,The Rookie,ABC,8.0,15259,68.0,96.0,"['comedy', 'crime', 'drama']",TV-14,2018.0,43.0,https://www.imdb.com/title/tt7587890/
69,This Is Us,NBC,8.7,91313,92.0,85.0,"['comedy', 'drama', 'romance']",TV-14,2016.0,45.0,https://www.imdb.com/title/tt5555260/
70,The Big Bang Theory,CBS,8.1,684180,82.0,81.0,"['comedy', 'romance']",TV-14,2007.0,22.0,https://www.imdb.com/title/tt0898266/
71,True Detective,HBO,9.0,471428,78.0,78.0,"['crime', 'drama', 'mystery', 'thriller']",TV-MA,2014.0,55.0,https://www.imdb.com/title/tt2356777/
72,Sherlock,PBS,9.1,754631,78.0,83.0,"['crime', 'drama', 'mystery', 'thriller']",TV-14,2010.0,88.0,https://www.imdb.com/title/tt1475582/
73,The English Game,Netflix,7.7,6007,50.0,88.0,['sport'],unrated,2020.0,44.0,https://www.imdb.com/title/tt8403664/
74,You,Netflix,7.8,118269,90.0,81.0,"['crime', 'drama', 'romance', 'thriller']",TV-MA,2018.0,45.0,https://www.imdb.com/title/tt7335184/
75,The Simpsons,FOX,8.7,349254,85.0,77.0,"['animation', 'comedy']",TV-PG,1989.0,22.0,https://www.imdb.com/title/tt0096697/
76,Lost,ABC,8.3,472317,85.0,92.0,"['adventure', 'drama', 'fantasy', 'mystery', 'sci-fi', 'thriller']",TV-14,2004.0,44.0,https://www.imdb.com/title/tt0411008/
77,The Boys,CBS,8.7,138556,33.0,,"['action', 'comedy', 'crime', 'sci-fi']",TV-MA,2019.0,60.0,https://www.imdb.com/title/tt1190634/
78,Narcos,Netflix,8.8,325547,89.0,94.0,"['biography', 'crime', 'drama', 'thriller']",TV-MA,2015.0,49.0,https://www.imdb.com/title/tt2707408/
79,The Vampire Diaries,CW,7.7,269768,86.0,84.0,"['drama', 'fantasy', 'horror', 'mystery', 'romance', 'thriller']",TV-14,2009.0,43.0,https://www.imdb.com/title/tt1405406/
80,Manifest,NBC,7.2,19120,57.0,76.0,"['drama', 'mystery']",TV-14,2018.0,43.0,https://www.imdb.com/title/tt8421350/
81,Chicago P.D.,NBC,8.1,25162,85.0,,"['action', 'crime', 'drama', 'thriller']",TV-14,2014.0,43.0,https://www.imdb.com/title/tt2805096/
82,How I Met Your Mother,CBS,8.3,569198,83.0,83.0,"['comedy', 'romance']",TV-14,2005.0,22.0,https://www.imdb.com/title/tt0460649/
83,Parks and Recreation,NBC,8.6,193018,92.0,91.0,['comedy'],TV-14,2009.0,22.0,https://www.imdb.com/title/tt1266020/
84,Riverdale,CW,7.0,104168,86.0,59.0,"['crime', 'drama', 'mystery', 'romance']",TV-14,2017.0,45.0,https://www.imdb.com/title/tt5420376/
85,Sons of Anarchy,FX,8.6,241891,87.0,91.0,"['crime', 'drama', 'thriller']",TV-MA,2008.0,45.0,https://www.imdb.com/title/tt1124373/
86,Chicago Fire,NBC,7.9,32900,81.0,,"['action', 'drama']",TV-14,2012.0,43.0,https://www.imdb.com/title/tt2261391/
87,Arrow,CW,7.6,397565,85.0,71.0,"['action', 'adventure', 'crime', 'drama', 'mystery', 'sci-fi']",TV-14,2012.0,42.0,https://www.imdb.com/title/tt2193021/
88,The Stranger,Netflix,7.4,23524,83.0,,"['mystery', 'thriller']",TV-MA,2020.0,42.0,https://www.imdb.com/title/tt9698480/
89,Succession,HBO,8.5,25684,92.0,92.0,['drama'],TV-MA,2018.0,60.0,https://www.imdb.com/title/tt7660850/
90,House M.D.,FOX,8.7,394820,90.0,96.0,"['drama', 'mystery']",TV-14,2004.0,44.0,https://www.imdb.com/title/tt0412142/
91,Good Girls,NBC,7.9,24826,87.0,85.0,"['comedy', 'crime', 'drama']",TV-14,2018.0,43.0,https://www.imdb.com/title/tt6474378/
92,The Sinner,USA,8.0,71695,95.0,75.0,"['crime', 'drama', 'mystery', 'thriller']",TV-MA,2017.0,45.0,https://www.imdb.com/title/tt6048596/
93,Curb Your Enthusiasm,HBO,8.7,94907,92.0,96.0,['comedy'],TV-MA,2000.0,28.0,https://www.imdb.com/title/tt0264235/
94,Jack Ryan,Amazon Prime Video,8.1,77617,71.0,71.0,"['action', 'drama', 'thriller']",TV-MA,2018.0,60.0,https://www.imdb.com/title/tt5057054/
95,Psych,USA,8.3,80457,89.0,92.0,"['comedy', 'crime', 'mystery']",TV-PG,2006.0,44.0,https://www.imdb.com/title/tt0491738/
96,The Expanse,SyFy (Seasons 1-3); Amazon Studios,8.5,89785,93.0,96.0,"['drama', 'mystery', 'sci-fi', 'thriller']",TV-14,2015.0,60.0,https://www.imdb.com/title/tt3230854/
97,Mr. Robot,USA,8.5,310388,94.0,94.0,"['crime', 'drama', 'thriller']",TV-MA,2015.0,49.0,https://www.imdb.com/title/tt4158110/
98,Planet Earth II,BBC America,9.5,86650,100.0,97.0,['documentary'],TV-G,2016.0,29.0,https://www.imdb.com/title/tt5491994/
99,Planet Earth,Discovery Channel,9.4,158876,95.0,100.0,['documentary'],TV-PG,2006.0,53.0,https://www.imdb.com/title/tt0795176/
100,Band of Brothers,HBO,9.4,349246,94.0,98.0,"['action', 'drama', 'history', 'war']",TV-MA,2001.0,59.0,https://www.imdb.com/title/tt0185906/
101,Blue Planet II,BBC America,9.3,28145,97.0,89.0,['documentary'],TV-G,2017.0,36.0,https://www.imdb.com/title/tt6769208/
102,Our Planet,Netflix,9.3,23829,93.0,92.0,['documentary'],TV-G,2019.0,40.0,https://www.imdb.com/title/tt9253866/
103,Avatar: The Last Airbender,Nickelodeon,9.2,211267,100.0,99.0,"['animation', 'action', 'adventure', 'family', 'fantasy', 'mystery']",TV-Y7,2005.0,23.0,https://www.imdb.com/title/tt0417299/
104,The World at War,ITV,9.1,20410,100.0,,"['documentary', 'history', 'war']",TV-PG,1973.0,52.0,https://www.imdb.com/title/tt0071075/
105,Life,NBC,9.1,36412,70.0,88.0,['documentary'],TV-G,2009.0,47.0,https://www.imdb.com/title/tt1533395/
106,The Vietnam War,PBS,9.1,16728,96.0,96.0,"['documentary', 'history', 'war']",TV-MA,2017.0,99.0,https://www.imdb.com/title/tt1877514/
107,Fullmetal Alchemist: Brotherhood,Cartoon Network,9.1,102557,100.0,94.0,"['animation', 'action', 'adventure', 'comedy', 'drama', 'fantasy', 'sci-fi']",TV-14,2009.0,24.0,https://www.imdb.com/title/tt1355642/
108,The Twilight Zone,CBS,9.0,66360,82.0,96.0,"['drama', 'fantasy', 'horror', 'mystery', 'sci-fi', 'thriller']",TV-PG,1959.0,51.0,https://www.imdb.com/title/tt0052520/
109,Batman: The Animated Series,FOX,9.0,81342,95.0,98.0,"['animation', 'action', 'adventure', 'family', 'sci-fi']",TV-PG,1992.0,23.0,https://www.imdb.com/title/tt0103359/
110,Firefly,Fox/Sci Fi,9.0,235211,76.0,97.0,"['adventure', 'drama', 'sci-fi']",TV-14,2002.0,44.0,https://www.imdb.com/title/tt0303461/
111,Dekalog,BBC,9.0,20117,97.0,95.0,['drama'],TV-MA,1989.0,57.0,https://www.imdb.com/title/tt0092337/
112,Death Note,Cartoon Network,8.9,206493,100.0,96.0,"['animation', 'crime', 'drama', 'fantasy', 'mystery', 'thriller']",TV-14,2006.0,24.0,https://www.imdb.com/title/tt0877057/
113,Cowboy Bebop,Cartoon Network,8.9,81811,100.0,96.0,"['animation', 'action', 'adventure', 'drama', 'sci-fi', 'thriller']",TV-14,1998.0,24.0,https://www.imdb.com/title/tt0213338/
114,Africa,BBC UK,8.9,13070,94.0,,['documentary'],unrated,2013.0,36.0,https://www.imdb.com/title/tt2571774/
115,When They See Us,Netflix,8.9,67742,96.0,91.0,"['biography', 'crime', 'drama', 'history']",TV-MA,2019.0,29.0,https://www.imdb.com/title/tt7137906/
116,Last Week Tonight with John Oliver,HBO,8.9,73597,98.0,88.0,"['comedy', 'news', 'talk-show']",TV-MA,2014.0,30.0,https://www.imdb.com/title/tt3530232/
117,Only Fools and Horses....,BBC One,8.8,43752,100.0,,['comedy'],TV-PG,1981.0,30.0,https://www.imdb.com/title/tt0081912/
118,Hunter x Hunter,Crunchyroll ,8.8,43239,94.0,,"['animation', 'action', 'adventure', 'comedy', 'fantasy']",TV-14,2011.0,24.0,https://www.imdb.com/title/tt2098220/
119,Monty Python's Flying Circus,BBC,8.8,64011,100.0,91.0,['comedy'],TV-14,1969.0,30.0,https://www.imdb.com/title/tt0063929/
120,Das Boot,Hulu,8.8,24572,85.0,78.0,"['drama', 'thriller', 'war']",TV-MA,1985.0,50.0,https://www.imdb.com/title/tt0081834/
121,Seinfeld,NBC,8.8,239513,88.0,95.0,['comedy'],TV-PG,1989.0,22.0,https://www.imdb.com/title/tt0098904/
122,Pride and Prejudice,BBC One,8.8,71732,88.0,95.0,"['drama', 'romance']",TV-PG,1995.0,32.0,https://www.imdb.com/title/tt0112130/
123,Gravity Falls,Disney,8.8,62530,100.0,97.0,"['animation', 'action', 'adventure', 'comedy', 'family', 'fantasy', 'mystery', 'sci-fi']",TV-Y7,2012.0,23.0,https://www.imdb.com/title/tt1865718/
124,Twin Peaks,ABC/Showtime,8.8,164116,89.0,89.0,"['crime', 'drama', 'mystery', 'thriller']",TV-MA,1990.0,47.0,https://www.imdb.com/title/tt0098936/
125,Over the Garden Wall,Cartoon Network,8.8,34460,91.0,99.0,"['animation', 'adventure', 'drama', 'family', 'fantasy', 'horror', 'mystery', 'thriller']",TV-PG,2014.0,11.0,https://www.imdb.com/title/tt3718778/
126,One Punch Man,Netflix (season 1); Hulu,8.8,99973,100.0,96.0,"['animation', 'action', 'comedy', 'fantasy', 'sci-fi']",TV-PG,2015.0,24.0,https://www.imdb.com/title/tt4508902/
127,Nathan for You,Comedy Central,8.8,16218,97.0,94.0,"['documentary', 'comedy']",TV-14,2013.0,30.0,https://www.imdb.com/title/tt2297757/
128,Blackadder Goes Forth,BBC One,8.7,46162,100.0,100.0,"['comedy', 'war']",TV-PG,1989.0,17.0,https://www.imdb.com/title/tt0096548/
129,Freaks and Geeks,NBC,8.7,123427,100.0,95.0,"['comedy', 'drama']",TV-14,1999.0,44.0,https://www.imdb.com/title/tt0193676/
130,Fawlty Towers,BBC Two,8.7,80669,100.0,92.0,['comedy'],TV-PG,1975.0,30.0,https://www.imdb.com/title/tt0072500/
131,Arrested Development,Netflix,8.7,265792,75.0,81.0,['comedy'],TV-14,2003.0,22.0,https://www.imdb.com/title/tt0367279/
132,Attack on Titan,Netflix/Cartoon Network/Funimation,8.7,137508,94.0,93.0,"['animation', 'action', 'adventure', 'drama', 'fantasy', 'horror']",TV-MA,2013.0,24.0,https://www.imdb.com/title/tt2560140/
133,Chappelle's Show,Comedy Central,8.7,50193,96.0,100.0,"['comedy', 'music']",TV-MA,2003.0,22.0,https://www.imdb.com/title/tt0353049/
134,It's Always Sunny in Philadelphia,"FX (seasons 1-8), FXX",8.7,180295,96.0,93.0,['comedy'],TV-MA,2005.0,22.0,https://www.imdb.com/title/tt0472954/
135,Rome,HBO,8.7,147871,85.0,98.0,"['action', 'drama', 'history', 'romance', 'war']",TV-MA,2005.0,52.0,https://www.imdb.com/title/tt0384766/
136,House of Cards,Netflix,8.7,448383,77.0,76.0,['drama'],TV-MA,2013.0,51.0,https://www.imdb.com/title/tt1856010/
137,Oz,HBO,8.7,85006,89.0,91.0,"['crime', 'drama', 'thriller']",TV-MA,1997.0,55.0,https://www.imdb.com/title/tt0118421/
138,The West Wing,NBC,8.7,58992,75.0,95.0,['drama'],TV-14,1999.0,44.0,https://www.imdb.com/title/tt0200276/
139,Steins;Gate,AT-X,8.7,37748,100.0,98.0,"['animation', 'comedy', 'drama', 'romance', 'sci-fi', 'thriller']",TV-14,2011.0,24.0,https://www.imdb.com/title/tt1910272/
140,Dragon Ball Z,Syndicated,8.7,107061,91.0,,"['animation', 'action', 'adventure', 'fantasy', 'sci-fi', 'thriller']",TV-PG,1996.0,24.0,https://www.imdb.com/title/tt0214341/
141,Cobra Kai,YouTube Premium,8.7,39529,94.0,97.0,"['action', 'comedy', 'drama', 'sport']",TV-14,2018.0,30.0,https://www.imdb.com/title/tt7221388/
142,"I, Claudius",PBS,8.7,14977,100.0,80.0,"['biography', 'drama', 'history']",unrated,1976.0,65.0,https://www.imdb.com/title/tt0074006/
143,The Marvelous Mrs. Maisel,Amazon,8.7,65756,89.0,87.0,"['comedy', 'drama']",TV-MA,2017.0,57.0,https://www.imdb.com/title/tt5788792/
144,One Strange Rock,NGC,8.7,5502,83.0,93.0,['documentary'],TV-PG,2018.0,47.0,https://www.imdb.com/title/tt7651892/
145,Fleabag,Amazon Prime Video,8.7,67933,100.0,93.0,"['comedy', 'drama']",TV-MA,2016.0,27.0,https://www.imdb.com/title/tt5687612/
146,The Jinx: The Life and Deaths of Robert Durst,HBO,8.7,36320,95.0,97.0,"['documentary', 'crime']",TV-14,2015.0,27.0,https://www.imdb.com/title/tt4299972/
147,The Adventures of Sherlock Holmes,PBS,8.7,18823,100.0,,"['crime', 'drama', 'mystery']",TV-PG,1984.0,60.0,https://www.imdb.com/title/tt0086661/
148,Six Feet Under,HBO,8.7,115245,81.0,97.0,"['comedy', 'drama']",TV-MA,2001.0,55.0,https://www.imdb.com/title/tt0248654/
149,The Thick of It,BBC,8.6,18987,85.0,96.0,['comedy'],TV-MA,2005.0,29.0,https://www.imdb.com/title/tt0459159/
150,Justice League Unlimited,Cartoon Network,8.6,8399,96.0,,"['animation', 'action', 'adventure', 'fantasy', 'sci-fi']",TV-Y7,2004.0,23.0,https://www.imdb.com/title/tt6025022/
151,South Park,Comedy Central,8.6,317589,81.0,88.0,"['animation', 'comedy']",TV-MA,1997.0,22.0,https://www.imdb.com/title/tt0121955/
152,BoJack Horseman,Netflix,8.6,93131,93.0,95.0,"['animation', 'comedy', 'drama']",TV-MA,2014.0,25.0,https://www.imdb.com/title/tt3398228/
153,Demon Slayer: Kimetsu No Yaiba,Hulu,8.6,10861,89.0,,"['animation', 'action', 'fantasy', 'thriller']",TV-MA,2019.0,25.0,https://www.imdb.com/title/tt9335498/
154,The Promised Neverland,Aniplex,8.6,8864,100.0,,"['animation', 'fantasy', 'horror', 'mystery', 'sci-fi', 'thriller']",TV-14,2019.0,30.0,https://www.imdb.com/title/tt8788458/
155,Battlestar Galactica,SyFy,8.6,146726,95.0,93.0,"['action', 'adventure', 'drama', 'sci-fi']",TV-14,2004.0,44.0,https://www.imdb.com/title/tt0407362/
156,Top Gear,BBCA,8.6,104959,71.0,,['talk-show'],TV-PG,2002.0,60.0,https://www.imdb.com/title/tt1628033/
157,The Shield,FX,8.6,68651,90.0,96.0,"['crime', 'drama', 'thriller']",TV-MA,2002.0,47.0,https://www.imdb.com/title/tt0286486/
158,The Haunting of Hill House,Netflix,8.6,142565,93.0,91.0,"['drama', 'horror', 'mystery', 'thriller']",TV-MA,2018.0,50.0,https://www.imdb.com/title/tt6763664/
159,Deadwood,HBO,8.6,89915,92.0,96.0,"['crime', 'drama', 'history', 'western']",TV-MA,2004.0,55.0,https://www.imdb.com/title/tt0348914/
160,The Grand Tour,Amazon,8.6,59210,69.0,95.0,"['comedy', 'talk-show']",TV-14,2016.0,60.0,https://www.imdb.com/title/tt5712554/
161,Downton Abbey,PBS,8.6,152727,86.0,95.0,"['drama', 'romance']",TV-PG,2010.0,58.0,https://www.imdb.com/title/tt1606375/
162,Lonesome Dove,CBS,8.6,19459,100.0,,"['adventure', 'drama', 'western']",TV-14,1989.0,38.0,https://www.imdb.com/title/tt0096639/
163,Berserk,Nippon Television,8.6,26056,93.0,,"['animation', 'action', 'adventure', 'fantasy', 'horror', 'romance']",TV-14,1997.0,23.0,https://www.imdb.com/title/tt0318871/
164,Blackadder II,BBC One,8.6,41091,100.0,,['comedy'],TV-PG,1986.0,17.0,https://www.imdb.com/title/tt0088484/
165,Bron/Broen,SVT,8.6,53646,95.0,,"['crime', 'mystery', 'thriller']",TV-MA,2011.0,60.0,https://www.imdb.com/title/tt1733785/
166,The X-Files,FOX,8.6,190531,74.0,85.0,"['crime', 'drama', 'mystery', 'sci-fi', 'thriller']",TV-14,1993.0,45.0,https://www.imdb.com/title/tt0106179/
167,Star Trek: The Next Generation,SYN,8.6,93634,89.0,89.0,"['action', 'adventure', 'mystery', 'sci-fi']",TV-PG,1987.0,44.0,https://www.imdb.com/title/tt0092455/
168,Archer,FX,8.6,130732,91.0,86.0,"['animation', 'action', 'comedy']",TV-MA,2009.0,22.0,https://www.imdb.com/title/tt1486217/
169,Atlanta,FX,8.6,45280,97.0,89.0,"['comedy', 'drama', 'music']",TV-MA,2016.0,30.0,https://www.imdb.com/title/tt4288182/
170,Line of Duty,Acorn TV,8.6,26793,97.0,95.0,"['crime', 'drama', 'mystery', 'thriller']",unrated,2012.0,60.0,https://www.imdb.com/title/tt2303687/
171,Friday Night Lights,NBC,8.6,53371,97.0,93.0,"['drama', 'sport']",TV-14,2006.0,44.0,https://www.imdb.com/title/tt0758745/
172,Young Justice,Cartoon Network (Season 1-2) DC Universe (Season 3-),8.6,29599,95.0,93.0,"['animation', 'action', 'adventure', 'crime', 'romance', 'sci-fi']",TV-PG,2010.0,23.0,https://www.imdb.com/title/tt1641384/
173,Code Geass: Lelouch of the Rebellion,Cartoon Network,8.6,44570,100.0,,"['animation', 'action', 'drama', 'mystery', 'sci-fi', 'thriller', 'war']",TV-14,2006.0,24.0,https://www.imdb.com/title/tt0994314/
174,Dexter,Showtime,8.6,619651,72.0,80.0,"['crime', 'drama', 'mystery', 'thriller']",TV-MA,2006.0,53.0,https://www.imdb.com/title/tt0773262/
175,Blackadder the Third,BBC One,8.6,39217,83.0,,['comedy'],TV-PG,1987.0,18.0,https://www.imdb.com/title/tt0092324/
176,Daredevil,Netflix,8.6,345721,92.0,92.0,"['action', 'crime', 'drama', 'fantasy', 'sci-fi', 'thriller']",TV-MA,2015.0,54.0,https://www.imdb.com/title/tt3322312/
177,QI,BBC One,8.6,28638,100.0,,"['comedy', 'game-show']",TV-PG,2003.0,30.0,https://www.imdb.com/title/tt0380136/
178,Through the Wormhole,Science,8.6,16324,100.0,,['documentary'],TV-PG,2010.0,60.0,https://www.imdb.com/title/tt1513168/
179,Mindhunter,Netflix,8.6,183355,97.0,95.0,"['crime', 'drama', 'thriller']",TV-MA,2017.0,60.0,https://www.imdb.com/title/tt5290382/
180,Making a Murderer,Netflix,8.6,82072,84.0,98.0,"['documentary', 'crime']",TV-14,2015.0,60.0,https://www.imdb.com/title/tt5189670/
181,Peep Show,Channel Four,8.6,49377,96.0,93.0,['comedy'],TV-MA,2003.0,25.0,https://www.imdb.com/title/tt0387764/
182,The Eric Andre Show,Cartoon Network,8.6,10945,88.0,,"['comedy', 'talk-show']",TV-MA,2012.0,11.0,https://www.imdb.com/title/tt2244495/
183,Father Ted,Channel 4,8.6,34750,93.0,100.0,['comedy'],TV-14,1995.0,25.0,https://www.imdb.com/title/tt0111958/
184,Sacred Games,Netflix,8.6,65258,92.0,84.0,"['action', 'crime', 'drama', 'thriller']",TV-MA,2018.0,50.0,https://www.imdb.com/title/tt6077448/
185,Formula 1: Drive to Survive,Netflix,8.5,12609,79.0,,"['documentary', 'sport']",TV-MA,2019.0,40.0,https://www.imdb.com/title/tt8289930/
186,The Newsroom,HBO,8.5,99716,59.0,89.0,['drama'],TV-MA,2012.0,55.0,https://www.imdb.com/title/tt1870479/
187,Spaced,Channel 4,8.5,48126,100.0,95.0,"['action', 'comedy']",TV-14,1999.0,25.0,https://www.imdb.com/title/tt0187664/
188,Yes Minister,BBC Two,8.5,11685,100.0,,['comedy'],TV-PG,1980.0,30.0,https://www.imdb.com/title/tt0080306/
189,Umbre,HBO,8.5,7812,50.0,,"['crime', 'drama', 'thriller']",unrated,2014.0,45.0,https://www.imdb.com/title/tt4269716/
190,Skam,WEB TV US,8.5,25648,92.0,,"['drama', 'romance']",unrated,2015.0,30.0,https://www.imdb.com/title/tt5288312/
191,Fullmetal Alchemist,Cartoon Network,8.5,58287,94.0,,"['animation', 'action', 'adventure', 'comedy', 'drama', 'fantasy', 'sci-fi']",TV-PG,2003.0,24.0,https://www.imdb.com/title/tt0421357/
192,Justified,FX,8.5,81215,97.0,95.0,"['action', 'crime', 'drama', 'mystery', 'thriller', 'western']",TV-MA,2010.0,44.0,https://www.imdb.com/title/tt1489428/
193,Dragon Ball,Fuji TV,8.5,44161,72.0,,"['animation', 'action', 'adventure', 'comedy', 'fantasy', 'sci-fi', 'thriller']",TV-Y7,1986.0,24.0,https://www.imdb.com/title/tt0088509/
194,"Love, Death & Robots",Netflix,8.5,80258,77.0,91.0,"['animation', 'short', 'comedy', 'fantasy', 'horror', 'sci-fi']",TV-MA,2019.0,15.0,https://www.imdb.com/title/tt9561862/
195,Justice League,Cartoon Network,8.5,38843,95.0,98.0,"['animation', 'action', 'adventure', 'drama', 'family', 'fantasy', 'mystery', 'thriller']",TV-PG,2001.0,22.0,https://www.imdb.com/title/tt0275137/
196,Adventure Time,Cartoon Network,8.5,70973,100.0,94.0,"['animation', 'action', 'adventure', 'comedy', 'family', 'fantasy', 'sci-fi']",TV-PG,2010.0,11.0,https://www.imdb.com/title/tt1305826/
197,Boardwalk Empire,HBO,8.5,165791,92.0,96.0,"['crime', 'drama', 'history']",TV-MA,2010.0,55.0,https://www.imdb.com/title/tt0979432/
198,Chef's Table,Netflix,8.5,11959,81.0,,['documentary'],TV-MA,2015.0,50.0,https://www.imdb.com/title/tt4295140/
199,Samurai Champloo,Cartoon Network,8.5,37335,88.0,93.0,"['animation', 'action', 'adventure', 'comedy', 'drama', 'thriller']",TV-MA,2004.0,23.0,https://www.imdb.com/title/tt0423731/
200,Flight of the Conchords,HBO,8.5,52964,94.0,98.0,"['comedy', 'music', 'musical']",TV-MA,2007.0,28.0,https://www.imdb.com/title/tt0863046/
201,Anne with an E,Netflix,8.5,24700,60.0,89.0,['drama'],TV-PG,2017.0,60.0,https://www.imdb.com/title/tt5421602/
202,"Yes, Prime Minister",BBC Two,8.5,8939,100.0,,['comedy'],TV-PG,1986.0,30.0,https://www.imdb.com/title/tt0086831/
203,Mystery Science Theater 3000,Netflix,8.5,22456,100.0,91.0,"['comedy', 'sci-fi']",TV-14,1988.0,92.0,https://www.imdb.com/title/tt0094517/
204,The Defiant Ones,HBO,8.5,10228,100.0,92.0,"['documentary', 'biography', 'crime', 'music']",unrated,2017.0,60.0,https://www.imdb.com/title/tt6958022/
205,Generation Kill,HBO,8.5,45440,86.0,100.0,"['drama', 'war']",TV-MA,2008.0,70.0,https://www.imdb.com/title/tt0995832/
206,The IT Crowd,Channel 4,8.5,125549,78.0,96.0,['comedy'],TV-14,2006.0,25.0,https://www.imdb.com/title/tt0487831/
207,Coupling,BBC,8.5,41520,100.0,,"['comedy', 'romance']",TV-14,2000.0,30.0,https://www.imdb.com/title/tt0237123/
208,Louie,FX,8.5,72556,94.0,95.0,"['comedy', 'drama']",TV-MA,2010.0,22.0,https://www.imdb.com/title/tt1492966/
209,The Night Of,HBO,8.5,108319,94.0,93.0,"['crime', 'drama', 'mystery']",TV-MA,2016.0,52.0,https://www.imdb.com/title/tt2401256/
210,Mr. Bean,HBO,8.5,95269,100.0,93.0,"['comedy', 'family']",TV-G,1990.0,35.0,https://www.imdb.com/title/tt0096657/
211,Big Little Lies,HBO,8.5,135667,89.0,89.0,"['crime', 'drama', 'mystery']",TV-MA,2017.0,60.0,https://www.imdb.com/title/tt3920596/
212,Impractical Jokers,TruTV,8.5,30811,96.0,,"['comedy', 'reality-tv']",TV-14,2011.0,30.0,https://www.imdb.com/title/tt2100976/
213,Alfred Hitchcock Presents,NBC,8.5,13963,91.0,,"['comedy', 'crime', 'drama', 'horror', 'mystery', 'thriller']",TV-14,1955.0,25.0,https://www.imdb.com/title/tt0047708/
214,Silicon Valley,HBO,8.5,116879,94.0,92.0,['comedy'],TV-MA,2014.0,28.0,https://www.imdb.com/title/tt2575988/
215,Endeavour,PBS,8.5,16316,86.0,94.0,"['crime', 'drama', 'mystery']",TV-14,2012.0,89.0,https://www.imdb.com/title/tt2701582/
216,Whose Line Is It Anyway?,CW,8.5,38823,100.0,,"['comedy', 'game-show']",TV-PG,1998.0,30.0,https://www.imdb.com/title/tt0163507/
217,Detectorists,Acorn,8.5,9448,100.0,99.0,['comedy'],unrated,2014.0,30.0,https://www.imdb.com/title/tt4082744/
218,Homicide: Life on the Street,NBC,8.5,11053,91.0,100.0,"['crime', 'drama', 'mystery', 'thriller']",TV-14,1993.0,60.0,https://www.imdb.com/title/tt0106028/
219,Horace and Pete,louisck.net,8.5,14035,96.0,93.0,"['comedy', 'drama']",TV-MA,2016.0,67.0,https://www.imdb.com/title/tt5425186/
220,Spartacus: Gods of the Arena,Starz,8.5,121267,57.0,93.0,"['action', 'adventure', 'biography', 'drama', 'history', 'romance']",TV-MA,2011.0,33.0,https://www.imdb.com/title/tt1758429/
221,Letterkenny,Hulu,8.5,10842,93.0,,['comedy'],TV-MA,2016.0,30.0,https://www.imdb.com/title/tt4647692/
222,The Punisher,Netflix,8.5,167369,63.0,82.0,"['action', 'adventure', 'crime', 'drama', 'sci-fi', 'thriller']",TV-MA,2017.0,53.0,https://www.imdb.com/title/tt5675620/
223,Hannibal,NBC,8.5,212958,92.0,94.0,"['crime', 'drama', 'horror', 'mystery', 'thriller']",TV-14,2013.0,44.0,https://www.imdb.com/title/tt2243973/
224,John Adams,HBO,8.5,26602,81.0,88.0,"['biography', 'drama', 'history']",TV-14,2008.0,71.0,https://www.imdb.com/title/tt0472027/
225,Black Books,Channel 4,8.5,51727,93.0,100.0,['comedy'],TV-PG,2000.0,25.0,https://www.imdb.com/title/tt0262150/
226,I'm Alan Partridge,BBC Two,8.5,17612,100.0,,['comedy'],TV-MA,1997.0,29.0,https://www.imdb.com/title/tt0129690/
227,The Family Man,Amazon Prime Video,8.5,17160,93.0,,"['action', 'comedy', 'drama']",unrated,2019.0,45.0,https://www.imdb.com/title/tt9544034/
228,Queer Eye,Netflix,8.5,13206,91.0,90.0,['reality-tv'],TV-14,2018.0,45.0,https://www.imdb.com/title/tt7259746/
229,Erased,Netflix,8.5,21474,100.0,94.0,"['animation', 'drama', 'fantasy', 'mystery', 'sci-fi', 'thriller']",TV-14,2016.0,30.0,https://www.imdb.com/title/tt5249462/
230,Spartacus,Starz,8.5,213959,67.0,87.0,"['action', 'adventure', 'biography', 'drama', 'history', 'romance']",TV-MA,2010.0,55.0,https://www.imdb.com/title/tt1442449/
231,Pose,FX,8.5,14383,96.0,87.0,['drama'],TV-MA,2018.0,60.0,https://www.imdb.com/title/tt7562112/
232,The Dark Crystal: Age of Resistance,Netflix,8.5,18230,88.0,95.0,"['adventure', 'drama', 'family', 'fantasy', 'sci-fi']",TV-PG,2019.0,60.0,https://www.imdb.com/title/tt6905542/
233,My Hero Academia,Crunchyroll ,8.5,24780,100.0,88.0,"['animation', 'action', 'adventure', 'comedy', 'fantasy', 'sci-fi']",TV-14,2016.0,24.0,https://www.imdb.com/title/tt5626028/
234,Luther,BBC,8.4,113587,88.0,86.0,"['crime', 'drama', 'mystery', 'thriller']",TV-MA,2010.0,60.0,https://www.imdb.com/title/tt1474684/
235,The Knick,Cinemax,8.4,41494,92.0,97.0,"['drama', 'history']",TV-MA,2014.0,58.0,https://www.imdb.com/title/tt2937900/
236,The Venture Bros.,Cartoon Network,8.4,22678,92.0,97.0,"['animation', 'comedy', 'sci-fi']",TV-MA,2003.0,22.0,https://www.imdb.com/title/tt0417373/
237,Wentworth,Channel 5,8.4,15792,98.0,,"['crime', 'drama']",TV-MA,2013.0,45.0,https://www.imdb.com/title/tt2433738/
238,Samurai Jack,Cartoon Network,8.4,42659,93.0,95.0,"['animation', 'action', 'adventure', 'drama', 'fantasy', 'sci-fi', 'thriller']",TV-14,2001.0,25.0,https://www.imdb.com/title/tt0278238/
239,Generation War,ZDF,8.4,23639,100.0,,"['action', 'drama', 'history', 'war']",TV-MA,2013.0,14.0,https://www.imdb.com/title/tt1883092/
240,Mushi-Shi,Fuji TV,8.4,11125,100.0,100.0,"['animation', 'drama', 'fantasy', 'horror', 'mystery', 'thriller']",TV-14,2005.0,24.0,https://www.imdb.com/title/tt0807832/
241,Inside No. 9,BBC Two,8.4,10718,100.0,93.0,"['comedy', 'drama', 'horror']",TV-MA,2014.0,30.0,https://www.imdb.com/title/tt2674806/
242,X-Men: The Animated Series,FOX,8.4,36051,85.0,97.0,"['animation', 'action', 'family', 'sci-fi', 'thriller']",TV-Y7,1992.0,23.0,https://www.imdb.com/title/tt0103584/
243,Futurama,Comedy Central,8.4,205817,95.0,96.0,"['animation', 'comedy', 'sci-fi']",TV-14,1999.0,22.0,https://www.imdb.com/title/tt0149460/
244,Ezel,Netflix,8.4,23671,100.0,,"['crime', 'drama', 'thriller']",TV-14,2009.0,90.0,https://www.imdb.com/title/tt1534360/
245,American Crime Story,FX,8.4,74208,93.0,94.0,"['biography', 'crime', 'drama']",TV-MA,2016.0,42.0,https://www.imdb.com/title/tt2788432/
246,Delhi Crime,Netflix,8.4,8273,92.0,93.0,"['crime', 'drama']",unrated,2019.0,50.0,https://www.imdb.com/title/tt9398466/
