,title,network,imdb_rating,num_imdb_ratings,rt_critic_rating,genres,tv_rating,release_year,runtime_mins,imdb_url,action,adventure,animation,biography,comedy,crime,documentary,drama,family,fantasy,game-show,history,horror,music,musical,mystery,news,reality-tv,romance,sci-fi,short,sport,talk-show,thriller,war,western
0,La Casa de Papel,Netflix,8.5,215007,91,"['action', 'crime', 'mystery', 'thriller']",TV-MA,2017,70,https://www.imdb.com/title/tt6468322/,1,0,0,0,0,1,0,0,0,0,0,0,0,0,0,1,0,0,0,0,0,0,0,1,0,0
1,Ozark,Netflix,8.4,136710,81,"['crime', 'drama', 'thriller']",TV-MA,2017,60,https://www.imdb.com/title/tt5071412/,0,0,0,0,0,1,0,1,0,0,0,0,0,0,0,0,0,0,0,0,0,0,0,1,0,0
2,Tiger King,Netflix,7.8,33700,86,"['documentary', 'crime']",TV-MA,2020,31,https://www.imdb.com/title/tt11823076/,0,0,0,0,0,1,1,0,0,0,0,0,0,0,0,0,0,0,0,0,0,0,0,0,0,0
3,Westworld,HBO,8.7,388252,85,"['drama', 'mystery', 'sci-fi', 'western']",TV-MA,2016,62,https://www.imdb.com/title/tt0475784/,0,0,0,0,0,0,0,1,0,0,0,0,0,0,0,1,0,0,0,1,0,0,0,0,0,1
5,Community,NBC,8.5,185048,88,['comedy'],TV-14,2009,22,https://www.imdb.com/title/tt1439629/,0,0,0,0,1,0,0,0,0,0,0,0,0,0,0,0,0,0,0,0,0,0,0,0,0,0
6,Better Call Saul,AMC,8.7,280536,97,"['crime', 'drama']",TV-MA,2015,46,https://www.imdb.com/title/tt3032476/,0,0,0,0,0,1,0,1,0,0,0,0,0,0,0,0,0,0,0,0,0,0,0,0,0,0
7,Unorthodox,Netflix,8.2,15568,93,['drama'],TV-MA,2020,21,https://www.imdb.com/title/tt9815454/,0,0,0,0,0,0,0,1,0,0,0,0,0,0,0,0,0,0,0,0,0,0,0,0,0,0
9,Tales from the Loop,Amazon,7.5,3362,82,"['drama', 'sci-fi']",TV-MA,2020,50,https://www.imdb.com/title/tt8741290/,0,0,0,0,0,0,0,1,0,0,0,0,0,0,0,0,0,0,0,1,0,0,0,0,0,0
11,Grey's Anatomy,ABC,7.6,231121,83,"['drama', 'romance']",TV-14,2005,41,https://www.imdb.com/title/tt0413573/,0,0,0,0,0,0,0,1,0,0,0,0,0,0,0,0,0,0,1,0,0,0,0,0,0,0
12,Homeland,Showtime,8.3,293795,85,"['crime', 'drama', 'mystery', 'thriller']",TV-MA,2011,55,https://www.imdb.com/title/tt1796960/,0,0,0,0,0,1,0,1,0,0,0,0,0,0,0,1,0,0,0,0,0,0,0,1,0,0
13,The Office,NBC,8.9,348547,81,['comedy'],TV-14,2005,22,https://www.imdb.com/title/tt0386676/,0,0,0,0,1,0,0,0,0,0,0,0,0,0,0,0,0,0,0,0,0,0,0,0,0,0
14,Schitt's Creek,POP,8.3,30569,92,['comedy'],TV-14,2015,22,https://www.imdb.com/title/tt3526078/,0,0,0,0,1,0,0,0,0,0,0,0,0,0,0,0,0,0,0,0,0,0,0,0,0,0
15,Peaky Blinders,Netflix,8.8,276218,92,"['crime', 'drama']",TV-MA,2013,60,https://www.imdb.com/title/tt2442560/,0,0,0,0,0,1,0,1,0,0,0,0,0,0,0,0,0,0,0,0,0,0,0,0,0,0
16,Modern Family,ABC,8.4,325823,85,"['comedy', 'drama', 'romance']",TV-PG,2009,22,https://www.imdb.com/title/tt1442437/,0,0,0,0,1,0,0,1,0,0,0,0,0,0,0,0,0,0,1,0,0,0,0,0,0,0
17,Outlander,Starz,8.4,108101,92,"['drama', 'fantasy', 'romance']",TV-MA,2014,64,https://www.imdb.com/title/tt3006802/,0,0,0,0,0,0,0,1,0,1,0,0,0,0,0,0,0,0,1,0,0,0,0,0,0,0
18,The Mandalorian,Disney+,8.7,153512,93,"['action', 'adventure', 'sci-fi']",TV-PG,2019,30,https://www.imdb.com/title/tt8111088/,1,1,0,0,0,0,0,0,0,0,0,0,0,0,0,0,0,0,0,1,0,0,0,0,0,0
19,Vikings,History,8.6,383867,93,"['action', 'adventure', 'drama', 'history', 'romance', 'war']",TV-MA,2013,44,https://www.imdb.com/title/tt2306299/,1,1,0,0,0,0,0,1,0,0,0,1,0,0,0,0,0,0,1,0,0,0,0,0,1,0
20,Little Fires Everywhere,Hulu,7.6,2400,78,['drama'],TV-MA,2020,53,https://www.imdb.com/title/tt8089592/,0,0,0,0,0,0,0,1,0,0,0,0,0,0,0,0,0,0,0,0,0,0,0,0,0,0
21,Homecoming,Amazon Prime Video,7.5,15757,98,"['drama', 'thriller']",TV-MA,2018,30,https://www.imdb.com/title/tt7008682/,0,0,0,0,0,0,0,1,0,0,0,0,0,0,0,0,0,0,0,0,0,0,0,1,0,0
22,Brooklyn Nine-Nine,FOX; NBC,8.4,186718,97,"['comedy', 'crime']",TV-14,2013,22,https://www.imdb.com/title/tt2467372/,0,0,0,0,1,1,0,0,0,0,0,0,0,0,0,0,0,0,0,0,0,0,0,0,0,0
23,Supernatural,CW,8.4,371347,93,"['drama', 'fantasy', 'horror', 'mystery', 'thriller']",TV-14,2005,44,https://www.imdb.com/title/tt0460681/,0,0,0,0,0,0,0,1,0,1,0,0,1,0,0,1,0,0,0,0,0,0,0,1,0,0
24,All American,CW,7.6,4369,96,"['drama', 'sport']",TV-14,2018,45,https://www.imdb.com/title/tt7414406/,0,0,0,0,0,0,0,1,0,0,0,0,0,0,0,0,0,0,0,0,0,1,0,0,0,0
26,The Blacklist,NBC,8.0,177735,91,"['crime', 'drama', 'mystery', 'thriller']",TV-14,2013,43,https://www.imdb.com/title/tt2741602/,0,0,0,0,0,1,0,1,0,0,0,0,0,0,0,1,0,0,0,0,0,0,0,1,0,0
27,Killing Eve,BBC America/AMC,8.3,65731,92,"['action', 'adventure', 'drama', 'thriller']",TV-14,2018,42,https://www.imdb.com/title/tt7016936/,1,1,0,0,0,0,0,1,0,0,0,0,0,0,0,0,0,0,0,0,0,0,0,1,0,0
29,Star Trek: Picard,CBS,7.7,30229,87,"['action', 'adventure', 'drama', 'sci-fi']",TV-MA,2020,46,https://www.imdb.com/title/tt8806524/,1,1,0,0,0,0,0,1,0,0,0,0,0,0,0,0,0,0,0,1,0,0,0,0,0,0
30,Black Mirror,Netflix,8.8,392377,83,"['drama', 'sci-fi', 'thriller']",TV-MA,2011,60,https://www.imdb.com/title/tt2085059/,0,0,0,0,0,0,0,1,0,0,0,0,0,0,0,0,0,0,0,1,0,0,0,1,0,0
31,Lucifer,FOX/Netflix ,8.2,190032,87,"['crime', 'drama', 'fantasy']",TV-14,2015,42,https://www.imdb.com/title/tt4052886/,0,0,0,0,0,1,0,1,0,1,0,0,0,0,0,0,0,0,0,0,0,0,0,0,0,0
32,Devs,Hulu,7.9,5097,81,"['drama', 'mystery', 'sci-fi', 'thriller']",TV-MA,2020,50,https://www.imdb.com/title/tt8134186/,0,0,0,0,0,0,0,1,0,0,0,0,0,0,0,1,0,0,0,1,0,0,0,1,0,0
33,Criminal Minds,CBS,8.1,148106,87,"['crime', 'drama', 'mystery', 'thriller']",TV-14,2005,42,https://www.imdb.com/title/tt0452046/,0,0,0,0,0,1,0,1,0,0,0,0,0,0,0,1,0,0,0,0,0,0,0,1,0,0
34,Elite,Netflix,7.6,33723,97,"['crime', 'drama', 'thriller']",TV-MA,2018,60,https://www.imdb.com/title/tt7134908/,0,0,0,0,0,1,0,1,0,0,0,0,0,0,0,0,0,0,0,0,0,0,0,1,0,0
35,The Witcher,Netflix,8.3,242899,67,"['action', 'adventure', 'drama', 'fantasy', 'horror', 'mystery']",TV-MA,2019,60,https://www.imdb.com/title/tt5180504/,1,1,0,0,0,0,0,1,0,1,0,0,1,0,0,1,0,0,0,0,0,0,0,0,0,0
36,Rick and Morty,Cartoon Network,9.2,330309,95,"['animation', 'adventure', 'comedy', 'sci-fi']",TV-14,2013,23,https://www.imdb.com/title/tt2861424/,0,1,1,0,1,0,0,0,0,0,0,0,0,0,0,0,0,0,0,1,0,0,0,0,0,0
37,The Wire,HBO,9.3,263663,94,"['crime', 'drama', 'thriller']",TV-MA,2002,59,https://www.imdb.com/title/tt0306414/,0,0,0,0,0,1,0,1,0,0,0,0,0,0,0,0,0,0,0,0,0,0,0,1,0,0
38,Home Before Dark,Apple TV+,7.6,1430,80,"['crime', 'drama', 'mystery']",TV-14,2020,54,https://www.imdb.com/title/tt6053512/,0,0,0,0,0,1,0,1,0,0,0,0,0,0,0,1,0,0,0,0,0,0,0,0,0,0
40,The Sopranos,HBO,9.2,273689,92,"['crime', 'drama']",TV-MA,1999,55,https://www.imdb.com/title/tt0141842/,0,0,0,0,0,1,0,1,0,0,0,0,0,0,0,0,0,0,0,0,0,0,0,0,0,0
41,Dark,Netflix,8.7,168730,94,"['crime', 'drama', 'mystery', 'sci-fi', 'thriller']",TV-MA,2017,60,https://www.imdb.com/title/tt5753856/,0,0,0,0,0,1,0,1,0,0,0,0,0,0,0,1,0,0,0,1,0,0,0,1,0,0
42,The Flash,CW,7.7,293837,89,"['action', 'adventure', 'drama', 'sci-fi']",TV-PG,2014,43,https://www.imdb.com/title/tt3107288/,1,1,0,0,0,0,0,1,0,0,0,0,0,0,0,0,0,0,0,1,0,0,0,0,0,0
43,Sex Education,Netflix,8.3,125342,94,"['comedy', 'drama']",TV-MA,2019,45,https://www.imdb.com/title/tt7767422/,0,0,0,0,1,0,0,1,0,0,0,0,0,0,0,0,0,0,0,0,0,0,0,0,0,0
44,Hunters,SyFy,7.2,19577,59,"['crime', 'drama', 'mystery']",TV-MA,2020,60,https://www.imdb.com/title/tt7456722/,0,0,0,0,0,1,0,1,0,0,0,0,0,0,0,1,0,0,0,0,0,0,0,0,0,0
45,Fargo,FX,8.9,297634,96,"['crime', 'drama', 'thriller']",TV-MA,2014,53,https://www.imdb.com/title/tt2802850/,0,0,0,0,0,1,0,1,0,0,0,0,0,0,0,0,0,0,0,0,0,0,0,1,0,0
46,Prison Break,FOX,8.3,448235,60,"['action', 'crime', 'drama', 'mystery', 'thriller']",TV-14,2005,44,https://www.imdb.com/title/tt0455275/,1,0,0,0,0,1,0,1,0,0,0,0,0,0,0,1,0,0,0,0,0,0,0,1,0,0
47,Future Man,Hulu,7.8,17792,91,"['action', 'adventure', 'comedy', 'fantasy', 'sci-fi']",TV-MA,2017,30,https://www.imdb.com/title/tt4975856/,1,1,0,0,1,0,0,0,0,1,0,0,0,0,0,0,0,0,0,1,0,0,0,0,0,0
48,Hawaii Five-0,CBS,7.3,64314,72,"['action', 'crime', 'drama']",TV-14,2010,42,https://www.imdb.com/title/tt1600194/,1,0,0,0,0,1,0,1,0,0,0,0,0,0,0,0,0,0,0,0,0,0,0,0,0,0
49,The Outsider,HBO,8.0,41430,82,"['crime', 'drama', 'fantasy', 'mystery', 'thriller']",TV-MA,2020,60,https://www.imdb.com/title/tt8550800/,0,0,0,0,0,1,0,1,0,1,0,0,0,0,0,1,0,0,0,0,0,0,0,1,0,0
50,Law & Order: Special Victims Unit,NBC,8.0,75227,93,"['crime', 'drama', 'mystery', 'thriller']",TV-14,1999,60,https://www.imdb.com/title/tt0203259/,0,0,0,0,0,1,0,1,0,0,0,0,0,0,0,1,0,0,0,0,0,0,0,1,0,0
51,Altered Carbon,Netflix,8.1,129504,76,"['action', 'drama', 'sci-fi', 'thriller']",TV-MA,2018,60,https://www.imdb.com/title/tt2261227/,1,0,0,0,0,0,0,1,0,0,0,0,0,0,0,0,0,0,0,1,0,0,0,1,0,0
52,The Good Doctor,ABC,8.2,54676,85,['drama'],TV-14,2017,41,https://www.imdb.com/title/tt6470478/,0,0,0,0,0,0,0,1,0,0,0,0,0,0,0,0,0,0,0,0,0,0,0,0,0,0
53,Suits,USA,8.5,345074,90,"['comedy', 'drama']",TV-14,2011,44,https://www.imdb.com/title/tt1632701/,0,0,0,0,1,0,0,1,0,0,0,0,0,0,0,0,0,0,0,0,0,0,0,0,0,0
54,The Handmaid's Tale,Hulu,8.5,150533,88,"['drama', 'sci-fi', 'thriller']",TV-MA,2017,60,https://www.imdb.com/title/tt5834204/,0,0,0,0,0,0,0,1,0,0,0,0,0,0,0,0,0,0,0,1,0,0,0,1,0,0
55,Legacies,CW,7.5,14928,84,"['adventure', 'drama', 'fantasy', 'horror', 'mystery']",TV-14,2018,45,https://www.imdb.com/title/tt8103070/,0,1,0,0,0,0,0,1,0,1,0,0,1,0,0,1,0,0,0,0,0,0,0,0,0,0
57,How to Get Away with Murder,ABC,8.1,113146,90,"['crime', 'drama', 'mystery', 'thriller']",TV-14,2014,43,https://www.imdb.com/title/tt3205802/,0,0,0,0,0,1,0,1,0,0,0,0,0,0,0,1,0,0,0,0,0,0,0,1,0,0
58,Star Wars: The Clone Wars,Cartoon Network,8.1,47214,93,"['animation', 'action', 'adventure', 'drama', 'fantasy', 'sci-fi']",TV-PG,2008,23,https://www.imdb.com/title/tt0458290/,1,1,1,0,0,0,0,1,0,1,0,0,0,0,0,0,0,0,0,1,0,0,0,0,0,0
59,Shameless,Showtime,8.6,188173,85,"['comedy', 'drama']",TV-MA,2011,46,https://www.imdb.com/title/tt1586680/,0,0,0,0,1,0,0,1,0,0,0,0,0,0,0,0,0,0,0,0,0,0,0,0,0,0
60,Locke & Key,Netflix,7.4,28620,66,"['drama', 'fantasy', 'horror', 'thriller']",TV-14,2020,48,https://www.imdb.com/title/tt3007572/,0,0,0,0,0,0,0,1,0,1,0,0,1,0,0,0,0,0,0,0,0,0,0,1,0,0
61,American Horror Story,FX,8.1,264112,76,"['drama', 'horror', 'thriller']",TV-MA,2011,60,https://www.imdb.com/title/tt1844624/,0,0,0,0,0,0,0,1,0,0,0,0,1,0,0,0,0,0,0,0,0,0,0,1,0,0
62,Mad Men,AMC,8.6,193015,94,['drama'],TV-14,2007,47,https://www.imdb.com/title/tt0804503/,0,0,0,0,0,0,0,1,0,0,0,0,0,0,0,0,0,0,0,0,0,0,0,0,0,0
63,The Crown,Netflix,8.7,109909,89,"['drama', 'history']",TV-MA,2016,58,https://www.imdb.com/title/tt4786824/,0,0,0,0,0,0,0,1,0,0,0,1,0,0,0,0,0,0,0,0,0,0,0,0,0,0
64,Chernobyl,HBO,9.4,442470,96,"['drama', 'history', 'thriller']",TV-MA,2019,33,https://www.imdb.com/title/tt7366338/,0,0,0,0,0,0,0,1,0,0,0,1,0,0,0,0,0,0,0,0,0,0,0,1,0,0
65,NCIS,CBS,7.8,113655,87,"['action', 'crime', 'drama', 'mystery', 'thriller']",TV-14,2003,44,https://www.imdb.com/title/tt0364845/,1,0,0,0,0,1,0,1,0,0,0,0,0,0,0,1,0,0,0,0,0,0,0,1,0,0
66,The 100,CW,7.7,191640,92,"['drama', 'mystery', 'sci-fi']",TV-14,2014,43,https://www.imdb.com/title/tt2661044/,0,0,0,0,0,0,0,1,0,0,0,0,0,0,0,1,0,0,0,1,0,0,0,0,0,0
67,Zoey's Extraordinary Playlist,NBC,7.9,4191,74,"['comedy', 'drama', 'musical']",TV-14,2020,60,https://www.imdb.com/title/tt10314462/,0,0,0,0,1,0,0,1,0,0,0,0,0,0,1,0,0,0,0,0,0,0,0,0,0,0
68,The Rookie,ABC,8.0,15259,68,"['comedy', 'crime', 'drama']",TV-14,2018,43,https://www.imdb.com/title/tt7587890/,0,0,0,0,1,1,0,1,0,0,0,0,0,0,0,0,0,0,0,0,0,0,0,0,0,0
69,This Is Us,NBC,8.7,91313,92,"['comedy', 'drama', 'romance']",TV-14,2016,45,https://www.imdb.com/title/tt5555260/,0,0,0,0,1,0,0,1,0,0,0,0,0,0,0,0,0,0,1,0,0,0,0,0,0,0
70,The Big Bang Theory,CBS,8.1,684180,82,"['comedy', 'romance']",TV-14,2007,22,https://www.imdb.com/title/tt0898266/,0,0,0,0,1,0,0,0,0,0,0,0,0,0,0,0,0,0,1,0,0,0,0,0,0,0
71,True Detective,HBO,9.0,471428,78,"['crime', 'drama', 'mystery', 'thriller']",TV-MA,2014,55,https://www.imdb.com/title/tt2356777/,0,0,0,0,0,1,0,1,0,0,0,0,0,0,0,1,0,0,0,0,0,0,0,1,0,0
74,You,Netflix,7.8,118269,90,"['crime', 'drama', 'romance', 'thriller']",TV-MA,2018,45,https://www.imdb.com/title/tt7335184/,0,0,0,0,0,1,0,1,0,0,0,0,0,0,0,0,0,0,1,0,0,0,0,1,0,0
75,The Simpsons,FOX,8.7,349254,85,"['animation', 'comedy']",TV-PG,1989,22,https://www.imdb.com/title/tt0096697/,0,0,1,0,1,0,0,0,0,0,0,0,0,0,0,0,0,0,0,0,0,0,0,0,0,0
76,Lost,ABC,8.3,472317,85,"['adventure', 'drama', 'fantasy', 'mystery', 'sci-fi', 'thriller']",TV-14,2004,44,https://www.imdb.com/title/tt0411008/,0,1,0,0,0,0,0,1,0,1,0,0,0,0,0,1,0,0,0,1,0,0,0,1,0,0
78,Narcos,Netflix,8.8,325547,89,"['biography', 'crime', 'drama', 'thriller']",TV-MA,2015,49,https://www.imdb.com/title/tt2707408/,0,0,0,1,0,1,0,1,0,0,0,0,0,0,0,0,0,0,0,0,0,0,0,1,0,0
79,The Vampire Diaries,CW,7.7,269768,86,"['drama', 'fantasy', 'horror', 'mystery', 'romance', 'thriller']",TV-14,2009,43,https://www.imdb.com/title/tt1405406/,0,0,0,0,0,0,0,1,0,1,0,0,1,0,0,1,0,0,1,0,0,0,0,1,0,0
80,Manifest,NBC,7.2,19120,57,"['drama', 'mystery']",TV-14,2018,43,https://www.imdb.com/title/tt8421350/,0,0,0,0,0,0,0,1,0,0,0,0,0,0,0,1,0,0,0,0,0,0,0,0,0,0
81,Chicago P.D.,NBC,8.1,25162,85,"['action', 'crime', 'drama', 'thriller']",TV-14,2014,43,https://www.imdb.com/title/tt2805096/,1,0,0,0,0,1,0,1,0,0,0,0,0,0,0,0,0,0,0,0,0,0,0,1,0,0
82,How I Met Your Mother,CBS,8.3,569198,83,"['comedy', 'romance']",TV-14,2005,22,https://www.imdb.com/title/tt0460649/,0,0,0,0,1,0,0,0,0,0,0,0,0,0,0,0,0,0,1,0,0,0,0,0,0,0
83,Parks and Recreation,NBC,8.6,193018,92,['comedy'],TV-14,2009,22,https://www.imdb.com/title/tt1266020/,0,0,0,0,1,0,0,0,0,0,0,0,0,0,0,0,0,0,0,0,0,0,0,0,0,0
85,Sons of Anarchy,FX,8.6,241891,87,"['crime', 'drama', 'thriller']",TV-MA,2008,45,https://www.imdb.com/title/tt1124373/,0,0,0,0,0,1,0,1,0,0,0,0,0,0,0,0,0,0,0,0,0,0,0,1,0,0
86,Chicago Fire,NBC,7.9,32900,81,"['action', 'drama']",TV-14,2012,43,https://www.imdb.com/title/tt2261391/,1,0,0,0,0,0,0,1,0,0,0,0,0,0,0,0,0,0,0,0,0,0,0,0,0,0
87,Arrow,CW,7.6,397565,85,"['action', 'adventure', 'crime', 'drama', 'mystery', 'sci-fi']",TV-14,2012,42,https://www.imdb.com/title/tt2193021/,1,1,0,0,0,1,0,1,0,0,0,0,0,0,0,1,0,0,0,1,0,0,0,0,0,0
88,The Stranger,Netflix,7.4,23524,83,"['mystery', 'thriller']",TV-MA,2020,42,https://www.imdb.com/title/tt9698480/,0,0,0,0,0,0,0,0,0,0,0,0,0,0,0,1,0,0,0,0,0,0,0,1,0,0
89,Succession,HBO,8.5,25684,92,['drama'],TV-MA,2018,60,https://www.imdb.com/title/tt7660850/,0,0,0,0,0,0,0,1,0,0,0,0,0,0,0,0,0,0,0,0,0,0,0,0,0,0
90,House M.D.,FOX,8.7,394820,90,"['drama', 'mystery']",TV-14,2004,44,https://www.imdb.com/title/tt0412142/,0,0,0,0,0,0,0,1,0,0,0,0,0,0,0,1,0,0,0,0,0,0,0,0,0,0
91,Good Girls,NBC,7.9,24826,87,"['comedy', 'crime', 'drama']",TV-14,2018,43,https://www.imdb.com/title/tt6474378/,0,0,0,0,1,1,0,1,0,0,0,0,0,0,0,0,0,0,0,0,0,0,0,0,0,0
92,The Sinner,USA,8.0,71695,95,"['crime', 'drama', 'mystery', 'thriller']",TV-MA,2017,45,https://www.imdb.com/title/tt6048596/,0,0,0,0,0,1,0,1,0,0,0,0,0,0,0,1,0,0,0,0,0,0,0,1,0,0
93,Curb Your Enthusiasm,HBO,8.7,94907,92,['comedy'],TV-MA,2000,28,https://www.imdb.com/title/tt0264235/,0,0,0,0,1,0,0,0,0,0,0,0,0,0,0,0,0,0,0,0,0,0,0,0,0,0
94,Jack Ryan,Amazon Prime Video,8.1,77617,71,"['action', 'drama', 'thriller']",TV-MA,2018,60,https://www.imdb.com/title/tt5057054/,1,0,0,0,0,0,0,1,0,0,0,0,0,0,0,0,0,0,0,0,0,0,0,1,0,0
95,Psych,USA,8.3,80457,89,"['comedy', 'crime', 'mystery']",TV-PG,2006,44,https://www.imdb.com/title/tt0491738/,0,0,0,0,1,1,0,0,0,0,0,0,0,0,0,1,0,0,0,0,0,0,0,0,0,0
96,The Expanse,SyFy (Seasons 1-3); Amazon Studios,8.5,89785,93,"['drama', 'mystery', 'sci-fi', 'thriller']",TV-14,2015,60,https://www.imdb.com/title/tt3230854/,0,0,0,0,0,0,0,1,0,0,0,0,0,0,0,1,0,0,0,1,0,0,0,1,0,0
97,Mr. Robot,USA,8.5,310388,94,"['crime', 'drama', 'thriller']",TV-MA,2015,49,https://www.imdb.com/title/tt4158110/,0,0,0,0,0,1,0,1,0,0,0,0,0,0,0,0,0,0,0,0,0,0,0,1,0,0
98,Planet Earth II,BBC America,9.5,86650,100,['documentary'],TV-G,2016,29,https://www.imdb.com/title/tt5491994/,0,0,0,0,0,0,1,0,0,0,0,0,0,0,0,0,0,0,0,0,0,0,0,0,0,0
99,Planet Earth,Discovery Channel,9.4,158876,95,['documentary'],TV-PG,2006,53,https://www.imdb.com/title/tt0795176/,0,0,0,0,0,0,1,0,0,0,0,0,0,0,0,0,0,0,0,0,0,0,0,0,0,0
100,Band of Brothers,HBO,9.4,349246,94,"['action', 'drama', 'history', 'war']",TV-MA,2001,59,https://www.imdb.com/title/tt0185906/,1,0,0,0,0,0,0,1,0,0,0,1,0,0,0,0,0,0,0,0,0,0,0,0,1,0
101,Blue Planet II,BBC America,9.3,28145,97,['documentary'],TV-G,2017,36,https://www.imdb.com/title/tt6769208/,0,0,0,0,0,0,1,0,0,0,0,0,0,0,0,0,0,0,0,0,0,0,0,0,0,0
102,Our Planet,Netflix,9.3,23829,93,['documentary'],TV-G,2019,40,https://www.imdb.com/title/tt9253866/,0,0,0,0,0,0,1,0,0,0,0,0,0,0,0,0,0,0,0,0,0,0,0,0,0,0
103,Avatar: The Last Airbender,Nickelodeon,9.2,211267,100,"['animation', 'action', 'adventure', 'family', 'fantasy', 'mystery']",TV-Y7,2005,23,https://www.imdb.com/title/tt0417299/,1,1,1,0,0,0,0,0,1,1,0,0,0,0,0,1,0,0,0,0,0,0,0,0,0,0
104,The World at War,ITV,9.1,20410,100,"['documentary', 'history', 'war']",TV-PG,1973,52,https://www.imdb.com/title/tt0071075/,0,0,0,0,0,0,1,0,0,0,0,1,0,0,0,0,0,0,0,0,0,0,0,0,1,0
105,Life,NBC,9.1,36412,70,['documentary'],TV-G,2009,47,https://www.imdb.com/title/tt1533395/,0,0,0,0,0,0,1,0,0,0,0,0,0,0,0,0,0,0,0,0,0,0,0,0,0,0
106,The Vietnam War,PBS,9.1,16728,96,"['documentary', 'history', 'war']",TV-MA,2017,99,https://www.imdb.com/title/tt1877514/,0,0,0,0,0,0,1,0,0,0,0,1,0,0,0,0,0,0,0,0,0,0,0,0,1,0
107,Fullmetal Alchemist: Brotherhood,Cartoon Network,9.1,102557,100,"['animation', 'action', 'adventure', 'comedy', 'drama', 'fantasy', 'sci-fi']",TV-14,2009,24,https://www.imdb.com/title/tt1355642/,1,1,1,0,1,0,0,1,0,1,0,0,0,0,0,0,0,0,0,1,0,0,0,0,0,0
108,The Twilight Zone,CBS,9.0,66360,82,"['drama', 'fantasy', 'horror', 'mystery', 'sci-fi', 'thriller']",TV-PG,1959,51,https://www.imdb.com/title/tt0052520/,0,0,0,0,0,0,0,1,0,1,0,0,1,0,0,1,0,0,0,1,0,0,0,1,0,0
109,Batman: The Animated Series,FOX,9.0,81342,95,"['animation', 'action', 'adventure', 'family', 'sci-fi']",TV-PG,1992,23,https://www.imdb.com/title/tt0103359/,1,1,1,0,0,0,0,0,1,0,0,0,0,0,0,0,0,0,0,1,0,0,0,0,0,0
110,Firefly,Fox/Sci Fi,9.0,235211,76,"['adventure', 'drama', 'sci-fi']",TV-14,2002,44,https://www.imdb.com/title/tt0303461/,0,1,0,0,0,0,0,1,0,0,0,0,0,0,0,0,0,0,0,1,0,0,0,0,0,0
111,Dekalog,BBC,9.0,20117,97,['drama'],TV-MA,1989,57,https://www.imdb.com/title/tt0092337/,0,0,0,0,0,0,0,1,0,0,0,0,0,0,0,0,0,0,0,0,0,0,0,0,0,0
112,Death Note,Cartoon Network,8.9,206493,100,"['animation', 'crime', 'drama', 'fantasy', 'mystery', 'thriller']",TV-14,2006,24,https://www.imdb.com/title/tt0877057/,0,0,1,0,0,1,0,1,0,1,0,0,0,0,0,1,0,0,0,0,0,0,0,1,0,0
113,Cowboy Bebop,Cartoon Network,8.9,81811,100,"['animation', 'action', 'adventure', 'drama', 'sci-fi', 'thriller']",TV-14,1998,24,https://www.imdb.com/title/tt0213338/,1,1,1,0,0,0,0,1,0,0,0,0,0,0,0,0,0,0,0,1,0,0,0,1,0,0
114,Africa,BBC UK,8.9,13070,94,['documentary'],unrated,2013,36,https://www.imdb.com/title/tt2571774/,0,0,0,0,0,0,1,0,0,0,0,0,0,0,0,0,0,0,0,0,0,0,0,0,0,0
115,When They See Us,Netflix,8.9,67742,96,"['biography', 'crime', 'drama', 'history']",TV-MA,2019,29,https://www.imdb.com/title/tt7137906/,0,0,0,1,0,1,0,1,0,0,0,1,0,0,0,0,0,0,0,0,0,0,0,0,0,0
116,Last Week Tonight with John Oliver,HBO,8.9,73597,98,"['comedy', 'news', 'talk-show']",TV-MA,2014,30,https://www.imdb.com/title/tt3530232/,0,0,0,0,1,0,0,0,0,0,0,0,0,0,0,0,1,0,0,0,0,0,1,0,0,0
117,Only Fools and Horses....,BBC One,8.8,43752,100,['comedy'],TV-PG,1981,30,https://www.imdb.com/title/tt0081912/,0,0,0,0,1,0,0,0,0,0,0,0,0,0,0,0,0,0,0,0,0,0,0,0,0,0
118,Hunter x Hunter,Crunchyroll ,8.8,43239,94,"['animation', 'action', 'adventure', 'comedy', 'fantasy']",TV-14,2011,24,https://www.imdb.com/title/tt2098220/,1,1,1,0,1,0,0,0,0,1,0,0,0,0,0,0,0,0,0,0,0,0,0,0,0,0
119,Monty Python's Flying Circus,BBC,8.8,64011,100,['comedy'],TV-14,1969,30,https://www.imdb.com/title/tt0063929/,0,0,0,0,1,0,0,0,0,0,0,0,0,0,0,0,0,0,0,0,0,0,0,0,0,0
120,Das Boot,Hulu,8.8,24572,85,"['drama', 'thriller', 'war']",TV-MA,1985,50,https://www.imdb.com/title/tt0081834/,0,0,0,0,0,0,0,1,0,0,0,0,0,0,0,0,0,0,0,0,0,0,0,1,1,0
121,Seinfeld,NBC,8.8,239513,88,['comedy'],TV-PG,1989,22,https://www.imdb.com/title/tt0098904/,0,0,0,0,1,0,0,0,0,0,0,0,0,0,0,0,0,0,0,0,0,0,0,0,0,0
122,Pride and Prejudice,BBC One,8.8,71732,88,"['drama', 'romance']",TV-PG,1995,32,https://www.imdb.com/title/tt0112130/,0,0,0,0,0,0,0,1,0,0,0,0,0,0,0,0,0,0,1,0,0,0,0,0,0,0
123,Gravity Falls,Disney,8.8,62530,100,"['animation', 'action', 'adventure', 'comedy', 'family', 'fantasy', 'mystery', 'sci-fi']",TV-Y7,2012,23,https://www.imdb.com/title/tt1865718/,1,1,1,0,1,0,0,0,1,1,0,0,0,0,0,1,0,0,0,1,0,0,0,0,0,0
124,Twin Peaks,ABC/Showtime,8.8,164116,89,"['crime', 'drama', 'mystery', 'thriller']",TV-MA,1990,47,https://www.imdb.com/title/tt0098936/,0,0,0,0,0,1,0,1,0,0,0,0,0,0,0,1,0,0,0,0,0,0,0,1,0,0
125,Over the Garden Wall,Cartoon Network,8.8,34460,91,"['animation', 'adventure', 'drama', 'family', 'fantasy', 'horror', 'mystery', 'thriller']",TV-PG,2014,11,https://www.imdb.com/title/tt3718778/,0,1,1,0,0,0,0,1,1,1,0,0,1,0,0,1,0,0,0,0,0,0,0,1,0,0
126,One Punch Man,Netflix (season 1); Hulu,8.8,99973,100,"['animation', 'action', 'comedy', 'fantasy', 'sci-fi']",TV-PG,2015,24,https://www.imdb.com/title/tt4508902/,1,0,1,0,1,0,0,0,0,1,0,0,0,0,0,0,0,0,0,1,0,0,0,0,0,0
127,Nathan for You,Comedy Central,8.8,16218,97,"['documentary', 'comedy']",TV-14,2013,30,https://www.imdb.com/title/tt2297757/,0,0,0,0,1,0,1,0,0,0,0,0,0,0,0,0,0,0,0,0,0,0,0,0,0,0
128,Blackadder Goes Forth,BBC One,8.7,46162,100,"['comedy', 'war']",TV-PG,1989,17,https://www.imdb.com/title/tt0096548/,0,0,0,0,1,0,0,0,0,0,0,0,0,0,0,0,0,0,0,0,0,0,0,0,1,0
129,Freaks and Geeks,NBC,8.7,123427,100,"['comedy', 'drama']",TV-14,1999,44,https://www.imdb.com/title/tt0193676/,0,0,0,0,1,0,0,1,0,0,0,0,0,0,0,0,0,0,0,0,0,0,0,0,0,0
130,Fawlty Towers,BBC Two,8.7,80669,100,['comedy'],TV-PG,1975,30,https://www.imdb.com/title/tt0072500/,0,0,0,0,1,0,0,0,0,0,0,0,0,0,0,0,0,0,0,0,0,0,0,0,0,0
131,Arrested Development,Netflix,8.7,265792,75,['comedy'],TV-14,2003,22,https://www.imdb.com/title/tt0367279/,0,0,0,0,1,0,0,0,0,0,0,0,0,0,0,0,0,0,0,0,0,0,0,0,0,0
132,Attack on Titan,Netflix/Cartoon Network/Funimation,8.7,137508,94,"['animation', 'action', 'adventure', 'drama', 'fantasy', 'horror']",TV-MA,2013,24,https://www.imdb.com/title/tt2560140/,1,1,1,0,0,0,0,1,0,1,0,0,1,0,0,0,0,0,0,0,0,0,0,0,0,0
133,Chappelle's Show,Comedy Central,8.7,50193,96,"['comedy', 'music']",TV-MA,2003,22,https://www.imdb.com/title/tt0353049/,0,0,0,0,1,0,0,0,0,0,0,0,0,1,0,0,0,0,0,0,0,0,0,0,0,0
134,It's Always Sunny in Philadelphia,"FX (seasons 1-8), FXX",8.7,180295,96,['comedy'],TV-MA,2005,22,https://www.imdb.com/title/tt0472954/,0,0,0,0,1,0,0,0,0,0,0,0,0,0,0,0,0,0,0,0,0,0,0,0,0,0
135,Rome,HBO,8.7,147871,85,"['action', 'drama', 'history', 'romance', 'war']",TV-MA,2005,52,https://www.imdb.com/title/tt0384766/,1,0,0,0,0,0,0,1,0,0,0,1,0,0,0,0,0,0,1,0,0,0,0,0,1,0
136,House of Cards,Netflix,8.7,448383,77,['drama'],TV-MA,2013,51,https://www.imdb.com/title/tt1856010/,0,0,0,0,0,0,0,1,0,0,0,0,0,0,0,0,0,0,0,0,0,0,0,0,0,0
137,Oz,HBO,8.7,85006,89,"['crime', 'drama', 'thriller']",TV-MA,1997,55,https://www.imdb.com/title/tt0118421/,0,0,0,0,0,1,0,1,0,0,0,0,0,0,0,0,0,0,0,0,0,0,0,1,0,0
138,The West Wing,NBC,8.7,58992,75,['drama'],TV-14,1999,44,https://www.imdb.com/title/tt0200276/,0,0,0,0,0,0,0,1,0,0,0,0,0,0,0,0,0,0,0,0,0,0,0,0,0,0
139,Steins;Gate,AT-X,8.7,37748,100,"['animation', 'comedy', 'drama', 'romance', 'sci-fi', 'thriller']",TV-14,2011,24,https://www.imdb.com/title/tt1910272/,0,0,1,0,1,0,0,1,0,0,0,0,0,0,0,0,0,0,1,1,0,0,0,1,0,0
140,Dragon Ball Z,Syndicated,8.7,107061,91,"['animation', 'action', 'adventure', 'fantasy', 'sci-fi', 'thriller']",TV-PG,1996,24,https://www.imdb.com/title/tt0214341/,1,1,1,0,0,0,0,0,0,1,0,0,0,0,0,0,0,0,0,1,0,0,0,1,0,0
141,Cobra Kai,YouTube Premium,8.7,39529,94,"['action', 'comedy', 'drama', 'sport']",TV-14,2018,30,https://www.imdb.com/title/tt7221388/,1,0,0,0,1,0,0,1,0,0,0,0,0,0,0,0,0,0,0,0,0,1,0,0,0,0
142,"I, Claudius",PBS,8.7,14977,100,"['biography', 'drama', 'history']",unrated,1976,65,https://www.imdb.com/title/tt0074006/,0,0,0,1,0,0,0,1,0,0,0,1,0,0,0,0,0,0,0,0,0,0,0,0,0,0
143,The Marvelous Mrs. Maisel,Amazon,8.7,65756,89,"['comedy', 'drama']",TV-MA,2017,57,https://www.imdb.com/title/tt5788792/,0,0,0,0,1,0,0,1,0,0,0,0,0,0,0,0,0,0,0,0,0,0,0,0,0,0
144,One Strange Rock,NGC,8.7,5502,83,['documentary'],TV-PG,2018,47,https://www.imdb.com/title/tt7651892/,0,0,0,0,0,0,1,0,0,0,0,0,0,0,0,0,0,0,0,0,0,0,0,0,0,0
145,Fleabag,Amazon Prime Video,8.7,67933,100,"['comedy', 'drama']",TV-MA,2016,27,https://www.imdb.com/title/tt5687612/,0,0,0,0,1,0,0,1,0,0,0,0,0,0,0,0,0,0,0,0,0,0,0,0,0,0
146,The Jinx: The Life and Deaths of Robert Durst,HBO,8.7,36320,95,"['documentary', 'crime']",TV-14,2015,27,https://www.imdb.com/title/tt4299972/,0,0,0,0,0,1,1,0,0,0,0,0,0,0,0,0,0,0,0,0,0,0,0,0,0,0
147,The Adventures of Sherlock Holmes,PBS,8.7,18823,100,"['crime', 'drama', 'mystery']",TV-PG,1984,60,https://www.imdb.com/title/tt0086661/,0,0,0,0,0,1,0,1,0,0,0,0,0,0,0,1,0,0,0,0,0,0,0,0,0,0
148,Six Feet Under,HBO,8.7,115245,81,"['comedy', 'drama']",TV-MA,2001,55,https://www.imdb.com/title/tt0248654/,0,0,0,0,1,0,0,1,0,0,0,0,0,0,0,0,0,0,0,0,0,0,0,0,0,0
149,The Thick of It,BBC,8.6,18987,85,['comedy'],TV-MA,2005,29,https://www.imdb.com/title/tt0459159/,0,0,0,0,1,0,0,0,0,0,0,0,0,0,0,0,0,0,0,0,0,0,0,0,0,0
150,Justice League Unlimited,Cartoon Network,8.6,8399,96,"['animation', 'action', 'adventure', 'fantasy', 'sci-fi']",TV-Y7,2004,23,https://www.imdb.com/title/tt6025022/,1,1,1,0,0,0,0,0,0,1,0,0,0,0,0,0,0,0,0,1,0,0,0,0,0,0
151,South Park,Comedy Central,8.6,317589,81,"['animation', 'comedy']",TV-MA,1997,22,https://www.imdb.com/title/tt0121955/,0,0,1,0,1,0,0,0,0,0,0,0,0,0,0,0,0,0,0,0,0,0,0,0,0,0
152,BoJack Horseman,Netflix,8.6,93131,93,"['animation', 'comedy', 'drama']",TV-MA,2014,25,https://www.imdb.com/title/tt3398228/,0,0,1,0,1,0,0,1,0,0,0,0,0,0,0,0,0,0,0,0,0,0,0,0,0,0
153,Demon Slayer: Kimetsu No Yaiba,Hulu,8.6,10861,89,"['animation', 'action', 'fantasy', 'thriller']",TV-MA,2019,25,https://www.imdb.com/title/tt9335498/,1,0,1,0,0,0,0,0,0,1,0,0,0,0,0,0,0,0,0,0,0,0,0,1,0,0
154,The Promised Neverland,Aniplex,8.6,8864,100,"['animation', 'fantasy', 'horror', 'mystery', 'sci-fi', 'thriller']",TV-14,2019,30,https://www.imdb.com/title/tt8788458/,0,0,1,0,0,0,0,0,0,1,0,0,1,0,0,1,0,0,0,1,0,0,0,1,0,0
155,Battlestar Galactica,SyFy,8.6,146726,95,"['action', 'adventure', 'drama', 'sci-fi']",TV-14,2004,44,https://www.imdb.com/title/tt0407362/,1,1,0,0,0,0,0,1,0,0,0,0,0,0,0,0,0,0,0,1,0,0,0,0,0,0
156,Top Gear,BBCA,8.6,104959,71,['talk-show'],TV-PG,2002,60,https://www.imdb.com/title/tt1628033/,0,0,0,0,0,0,0,0,0,0,0,0,0,0,0,0,0,0,0,0,0,0,1,0,0,0
157,The Shield,FX,8.6,68651,90,"['crime', 'drama', 'thriller']",TV-MA,2002,47,https://www.imdb.com/title/tt0286486/,0,0,0,0,0,1,0,1,0,0,0,0,0,0,0,0,0,0,0,0,0,0,0,1,0,0
158,The Haunting of Hill House,Netflix,8.6,142565,93,"['drama', 'horror', 'mystery', 'thriller']",TV-MA,2018,50,https://www.imdb.com/title/tt6763664/,0,0,0,0,0,0,0,1,0,0,0,0,1,0,0,1,0,0,0,0,0,0,0,1,0,0
159,Deadwood,HBO,8.6,89915,92,"['crime', 'drama', 'history', 'western']",TV-MA,2004,55,https://www.imdb.com/title/tt0348914/,0,0,0,0,0,1,0,1,0,0,0,1,0,0,0,0,0,0,0,0,0,0,0,0,0,1
160,The Grand Tour,Amazon,8.6,59210,69,"['comedy', 'talk-show']",TV-14,2016,60,https://www.imdb.com/title/tt5712554/,0,0,0,0,1,0,0,0,0,0,0,0,0,0,0,0,0,0,0,0,0,0,1,0,0,0
161,Downton Abbey,PBS,8.6,152727,86,"['drama', 'romance']",TV-PG,2010,58,https://www.imdb.com/title/tt1606375/,0,0,0,0,0,0,0,1,0,0,0,0,0,0,0,0,0,0,1,0,0,0,0,0,0,0
162,Lonesome Dove,CBS,8.6,19459,100,"['adventure', 'drama', 'western']",TV-14,1989,38,https://www.imdb.com/title/tt0096639/,0,1,0,0,0,0,0,1,0,0,0,0,0,0,0,0,0,0,0,0,0,0,0,0,0,1
163,Berserk,Nippon Television,8.6,26056,93,"['animation', 'action', 'adventure', 'fantasy', 'horror', 'romance']",TV-14,1997,23,https://www.imdb.com/title/tt0318871/,1,1,1,0,0,0,0,0,0,1,0,0,1,0,0,0,0,0,1,0,0,0,0,0,0,0
164,Blackadder II,BBC One,8.6,41091,100,['comedy'],TV-PG,1986,17,https://www.imdb.com/title/tt0088484/,0,0,0,0,1,0,0,0,0,0,0,0,0,0,0,0,0,0,0,0,0,0,0,0,0,0
165,Bron/Broen,SVT,8.6,53646,95,"['crime', 'mystery', 'thriller']",TV-MA,2011,60,https://www.imdb.com/title/tt1733785/,0,0,0,0,0,1,0,0,0,0,0,0,0,0,0,1,0,0,0,0,0,0,0,1,0,0
166,The X-Files,FOX,8.6,190531,74,"['crime', 'drama', 'mystery', 'sci-fi', 'thriller']",TV-14,1993,45,https://www.imdb.com/title/tt0106179/,0,0,0,0,0,1,0,1,0,0,0,0,0,0,0,1,0,0,0,1,0,0,0,1,0,0
167,Star Trek: The Next Generation,SYN,8.6,93634,89,"['action', 'adventure', 'mystery', 'sci-fi']",TV-PG,1987,44,https://www.imdb.com/title/tt0092455/,1,1,0,0,0,0,0,0,0,0,0,0,0,0,0,1,0,0,0,1,0,0,0,0,0,0
168,Archer,FX,8.6,130732,91,"['animation', 'action', 'comedy']",TV-MA,2009,22,https://www.imdb.com/title/tt1486217/,1,0,1,0,1,0,0,0,0,0,0,0,0,0,0,0,0,0,0,0,0,0,0,0,0,0
169,Atlanta,FX,8.6,45280,97,"['comedy', 'drama', 'music']",TV-MA,2016,30,https://www.imdb.com/title/tt4288182/,0,0,0,0,1,0,0,1,0,0,0,0,0,1,0,0,0,0,0,0,0,0,0,0,0,0
170,Line of Duty,Acorn TV,8.6,26793,97,"['crime', 'drama', 'mystery', 'thriller']",unrated,2012,60,https://www.imdb.com/title/tt2303687/,0,0,0,0,0,1,0,1,0,0,0,0,0,0,0,1,0,0,0,0,0,0,0,1,0,0
171,Friday Night Lights,NBC,8.6,53371,97,"['drama', 'sport']",TV-14,2006,44,https://www.imdb.com/title/tt0758745/,0,0,0,0,0,0,0,1,0,0,0,0,0,0,0,0,0,0,0,0,0,1,0,0,0,0
172,Young Justice,Cartoon Network (Season 1-2) DC Universe (Season 3-),8.6,29599,95,"['animation', 'action', 'adventure', 'crime', 'romance', 'sci-fi']",TV-PG,2010,23,https://www.imdb.com/title/tt1641384/,1,1,1,0,0,1,0,0,0,0,0,0,0,0,0,0,0,0,1,1,0,0,0,0,0,0
173,Code Geass: Lelouch of the Rebellion,Cartoon Network,8.6,44570,100,"['animation', 'action', 'drama', 'mystery', 'sci-fi', 'thriller', 'war']",TV-14,2006,24,https://www.imdb.com/title/tt0994314/,1,0,1,0,0,0,0,1,0,0,0,0,0,0,0,1,0,0,0,1,0,0,0,1,1,0
174,Dexter,Showtime,8.6,619651,72,"['crime', 'drama', 'mystery', 'thriller']",TV-MA,2006,53,https://www.imdb.com/title/tt0773262/,0,0,0,0,0,1,0,1,0,0,0,0,0,0,0,1,0,0,0,0,0,0,0,1,0,0
175,Blackadder the Third,BBC One,8.6,39217,83,['comedy'],TV-PG,1987,18,https://www.imdb.com/title/tt0092324/,0,0,0,0,1,0,0,0,0,0,0,0,0,0,0,0,0,0,0,0,0,0,0,0,0,0
176,Daredevil,Netflix,8.6,345721,92,"['action', 'crime', 'drama', 'fantasy', 'sci-fi', 'thriller']",TV-MA,2015,54,https://www.imdb.com/title/tt3322312/,1,0,0,0,0,1,0,1,0,1,0,0,0,0,0,0,0,0,0,1,0,0,0,1,0,0
177,QI,BBC One,8.6,28638,100,"['comedy', 'game-show']",TV-PG,2003,30,https://www.imdb.com/title/tt0380136/,0,0,0,0,1,0,0,0,0,0,1,0,0,0,0,0,0,0,0,0,0,0,0,0,0,0
178,Through the Wormhole,Science,8.6,16324,100,['documentary'],TV-PG,2010,60,https://www.imdb.com/title/tt1513168/,0,0,0,0,0,0,1,0,0,0,0,0,0,0,0,0,0,0,0,0,0,0,0,0,0,0
179,Mindhunter,Netflix,8.6,183355,97,"['crime', 'drama', 'thriller']",TV-MA,2017,60,https://www.imdb.com/title/tt5290382/,0,0,0,0,0,1,0,1,0,0,0,0,0,0,0,0,0,0,0,0,0,0,0,1,0,0
180,Making a Murderer,Netflix,8.6,82072,84,"['documentary', 'crime']",TV-14,2015,60,https://www.imdb.com/title/tt5189670/,0,0,0,0,0,1,1,0,0,0,0,0,0,0,0,0,0,0,0,0,0,0,0,0,0,0
181,Peep Show,Channel Four,8.6,49377,96,['comedy'],TV-MA,2003,25,https://www.imdb.com/title/tt0387764/,0,0,0,0,1,0,0,0,0,0,0,0,0,0,0,0,0,0,0,0,0,0,0,0,0,0
182,The Eric Andre Show,Cartoon Network,8.6,10945,88,"['comedy', 'talk-show']",TV-MA,2012,11,https://www.imdb.com/title/tt2244495/,0,0,0,0,1,0,0,0,0,0,0,0,0,0,0,0,0,0,0,0,0,0,1,0,0,0
183,Father Ted,Channel 4,8.6,34750,93,['comedy'],TV-14,1995,25,https://www.imdb.com/title/tt0111958/,0,0,0,0,1,0,0,0,0,0,0,0,0,0,0,0,0,0,0,0,0,0,0,0,0,0
184,Sacred Games,Netflix,8.6,65258,92,"['action', 'crime', 'drama', 'thriller']",TV-MA,2018,50,https://www.imdb.com/title/tt6077448/,1,0,0,0,0,1,0,1,0,0,0,0,0,0,0,0,0,0,0,0,0,0,0,1,0,0
185,Formula 1: Drive to Survive,Netflix,8.5,12609,79,"['documentary', 'sport']",TV-MA,2019,40,https://www.imdb.com/title/tt8289930/,0,0,0,0,0,0,1,0,0,0,0,0,0,0,0,0,0,0,0,0,0,1,0,0,0,0
186,The Newsroom,HBO,8.5,99716,59,['drama'],TV-MA,2012,55,https://www.imdb.com/title/tt1870479/,0,0,0,0,0,0,0,1,0,0,0,0,0,0,0,0,0,0,0,0,0,0,0,0,0,0
187,Spaced,Channel 4,8.5,48126,100,"['action', 'comedy']",TV-14,1999,25,https://www.imdb.com/title/tt0187664/,1,0,0,0,1,0,0,0,0,0,0,0,0,0,0,0,0,0,0,0,0,0,0,0,0,0
188,Yes Minister,BBC Two,8.5,11685,100,['comedy'],TV-PG,1980,30,https://www.imdb.com/title/tt0080306/,0,0,0,0,1,0,0,0,0,0,0,0,0,0,0,0,0,0,0,0,0,0,0,0,0,0
190,Skam,WEB TV US,8.5,25648,92,"['drama', 'romance']",unrated,2015,30,https://www.imdb.com/title/tt5288312/,0,0,0,0,0,0,0,1,0,0,0,0,0,0,0,0,0,0,1,0,0,0,0,0,0,0
191,Fullmetal Alchemist,Cartoon Network,8.5,58287,94,"['animation', 'action', 'adventure', 'comedy', 'drama', 'fantasy', 'sci-fi']",TV-PG,2003,24,https://www.imdb.com/title/tt0421357/,1,1,1,0,1,0,0,1,0,1,0,0,0,0,0,0,0,0,0,1,0,0,0,0,0,0
192,Justified,FX,8.5,81215,97,"['action', 'crime', 'drama', 'mystery', 'thriller', 'western']",TV-MA,2010,44,https://www.imdb.com/title/tt1489428/,1,0,0,0,0,1,0,1,0,0,0,0,0,0,0,1,0,0,0,0,0,0,0,1,0,1
193,Dragon Ball,Fuji TV,8.5,44161,72,"['animation', 'action', 'adventure', 'comedy', 'fantasy', 'sci-fi', 'thriller']",TV-Y7,1986,24,https://www.imdb.com/title/tt0088509/,1,1,1,0,1,0,0,0,0,1,0,0,0,0,0,0,0,0,0,1,0,0,0,1,0,0
194,"Love, Death & Robots",Netflix,8.5,80258,77,"['animation', 'short', 'comedy', 'fantasy', 'horror', 'sci-fi']",TV-MA,2019,15,https://www.imdb.com/title/tt9561862/,0,0,1,0,1,0,0,0,0,1,0,0,1,0,0,0,0,0,0,1,1,0,0,0,0,0
195,Justice League,Cartoon Network,8.5,38843,95,"['animation', 'action', 'adventure', 'drama', 'family', 'fantasy', 'mystery', 'thriller']",TV-PG,2001,22,https://www.imdb.com/title/tt0275137/,1,1,1,0,0,0,0,1,1,1,0,0,0,0,0,1,0,0,0,0,0,0,0,1,0,0
196,Adventure Time,Cartoon Network,8.5,70973,100,"['animation', 'action', 'adventure', 'comedy', 'family', 'fantasy', 'sci-fi']",TV-PG,2010,11,https://www.imdb.com/title/tt1305826/,1,1,1,0,1,0,0,0,1,1,0,0,0,0,0,0,0,0,0,1,0,0,0,0,0,0
197,Boardwalk Empire,HBO,8.5,165791,92,"['crime', 'drama', 'history']",TV-MA,2010,55,https://www.imdb.com/title/tt0979432/,0,0,0,0,0,1,0,1,0,0,0,1,0,0,0,0,0,0,0,0,0,0,0,0,0,0
198,Chef's Table,Netflix,8.5,11959,81,['documentary'],TV-MA,2015,50,https://www.imdb.com/title/tt4295140/,0,0,0,0,0,0,1,0,0,0,0,0,0,0,0,0,0,0,0,0,0,0,0,0,0,0
199,Samurai Champloo,Cartoon Network,8.5,37335,88,"['animation', 'action', 'adventure', 'comedy', 'drama', 'thriller']",TV-MA,2004,23,https://www.imdb.com/title/tt0423731/,1,1,1,0,1,0,0,1,0,0,0,0,0,0,0,0,0,0,0,0,0,0,0,1,0,0
200,Flight of the Conchords,HBO,8.5,52964,94,"['comedy', 'music', 'musical']",TV-MA,2007,28,https://www.imdb.com/title/tt0863046/,0,0,0,0,1,0,0,0,0,0,0,0,0,1,1,0,0,0,0,0,0,0,0,0,0,0
201,Anne with an E,Netflix,8.5,24700,60,['drama'],TV-PG,2017,60,https://www.imdb.com/title/tt5421602/,0,0,0,0,0,0,0,1,0,0,0,0,0,0,0,0,0,0,0,0,0,0,0,0,0,0
202,"Yes, Prime Minister",BBC Two,8.5,8939,100,['comedy'],TV-PG,1986,30,https://www.imdb.com/title/tt0086831/,0,0,0,0,1,0,0,0,0,0,0,0,0,0,0,0,0,0,0,0,0,0,0,0,0,0
203,Mystery Science Theater 3000,Netflix,8.5,22456,100,"['comedy', 'sci-fi']",TV-14,1988,92,https://www.imdb.com/title/tt0094517/,0,0,0,0,1,0,0,0,0,0,0,0,0,0,0,0,0,0,0,1,0,0,0,0,0,0
204,The Defiant Ones,HBO,8.5,10228,100,"['documentary', 'biography', 'crime', 'music']",unrated,2017,60,https://www.imdb.com/title/tt6958022/,0,0,0,1,0,1,1,0,0,0,0,0,0,1,0,0,0,0,0,0,0,0,0,0,0,0
205,Generation Kill,HBO,8.5,45440,86,"['drama', 'war']",TV-MA,2008,70,https://www.imdb.com/title/tt0995832/,0,0,0,0,0,0,0,1,0,0,0,0,0,0,0,0,0,0,0,0,0,0,0,0,1,0
206,The IT Crowd,Channel 4,8.5,125549,78,['comedy'],TV-14,2006,25,https://www.imdb.com/title/tt0487831/,0,0,0,0,1,0,0,0,0,0,0,0,0,0,0,0,0,0,0,0,0,0,0,0,0,0
207,Coupling,BBC,8.5,41520,100,"['comedy', 'romance']",TV-14,2000,30,https://www.imdb.com/title/tt0237123/,0,0,0,0,1,0,0,0,0,0,0,0,0,0,0,0,0,0,1,0,0,0,0,0,0,0
208,Louie,FX,8.5,72556,94,"['comedy', 'drama']",TV-MA,2010,22,https://www.imdb.com/title/tt1492966/,0,0,0,0,1,0,0,1,0,0,0,0,0,0,0,0,0,0,0,0,0,0,0,0,0,0
209,The Night Of,HBO,8.5,108319,94,"['crime', 'drama', 'mystery']",TV-MA,2016,52,https://www.imdb.com/title/tt2401256/,0,0,0,0,0,1,0,1,0,0,0,0,0,0,0,1,0,0,0,0,0,0,0,0,0,0
210,Mr. Bean,HBO,8.5,95269,100,"['comedy', 'family']",TV-G,1990,35,https://www.imdb.com/title/tt0096657/,0,0,0,0,1,0,0,0,1,0,0,0,0,0,0,0,0,0,0,0,0,0,0,0,0,0
211,Big Little Lies,HBO,8.5,135667,89,"['crime', 'drama', 'mystery']",TV-MA,2017,60,https://www.imdb.com/title/tt3920596/,0,0,0,0,0,1,0,1,0,0,0,0,0,0,0,1,0,0,0,0,0,0,0,0,0,0
212,Impractical Jokers,TruTV,8.5,30811,96,"['comedy', 'reality-tv']",TV-14,2011,30,https://www.imdb.com/title/tt2100976/,0,0,0,0,1,0,0,0,0,0,0,0,0,0,0,0,0,1,0,0,0,0,0,0,0,0
213,Alfred Hitchcock Presents,NBC,8.5,13963,91,"['comedy', 'crime', 'drama', 'horror', 'mystery', 'thriller']",TV-14,1955,25,https://www.imdb.com/title/tt0047708/,0,0,0,0,1,1,0,1,0,0,0,0,1,0,0,1,0,0,0,0,0,0,0,1,0,0
214,Silicon Valley,HBO,8.5,116879,94,['comedy'],TV-MA,2014,28,https://www.imdb.com/title/tt2575988/,0,0,0,0,1,0,0,0,0,0,0,0,0,0,0,0,0,0,0,0,0,0,0,0,0,0
215,Endeavour,PBS,8.5,16316,86,"['crime', 'drama', 'mystery']",TV-14,2012,89,https://www.imdb.com/title/tt2701582/,0,0,0,0,0,1,0,1,0,0,0,0,0,0,0,1,0,0,0,0,0,0,0,0,0,0
216,Whose Line Is It Anyway?,CW,8.5,38823,100,"['comedy', 'game-show']",TV-PG,1998,30,https://www.imdb.com/title/tt0163507/,0,0,0,0,1,0,0,0,0,0,1,0,0,0,0,0,0,0,0,0,0,0,0,0,0,0
217,Detectorists,Acorn,8.5,9448,100,['comedy'],unrated,2014,30,https://www.imdb.com/title/tt4082744/,0,0,0,0,1,0,0,0,0,0,0,0,0,0,0,0,0,0,0,0,0,0,0,0,0,0
218,Homicide: Life on the Street,NBC,8.5,11053,91,"['crime', 'drama', 'mystery', 'thriller']",TV-14,1993,60,https://www.imdb.com/title/tt0106028/,0,0,0,0,0,1,0,1,0,0,0,0,0,0,0,1,0,0,0,0,0,0,0,1,0,0
219,Horace and Pete,louisck.net,8.5,14035,96,"['comedy', 'drama']",TV-MA,2016,67,https://www.imdb.com/title/tt5425186/,0,0,0,0,1,0,0,1,0,0,0,0,0,0,0,0,0,0,0,0,0,0,0,0,0,0
220,Spartacus: Gods of the Arena,Starz,8.5,121267,57,"['action', 'adventure', 'biography', 'drama', 'history', 'romance']",TV-MA,2011,33,https://www.imdb.com/title/tt1758429/,1,1,0,1,0,0,0,1,0,0,0,1,0,0,0,0,0,0,1,0,0,0,0,0,0,0
221,Letterkenny,Hulu,8.5,10842,93,['comedy'],TV-MA,2016,30,https://www.imdb.com/title/tt4647692/,0,0,0,0,1,0,0,0,0,0,0,0,0,0,0,0,0,0,0,0,0,0,0,0,0,0
222,The Punisher,Netflix,8.5,167369,63,"['action', 'adventure', 'crime', 'drama', 'sci-fi', 'thriller']",TV-MA,2017,53,https://www.imdb.com/title/tt5675620/,1,1,0,0,0,1,0,1,0,0,0,0,0,0,0,0,0,0,0,1,0,0,0,1,0,0
223,Hannibal,NBC,8.5,212958,92,"['crime', 'drama', 'horror', 'mystery', 'thriller']",TV-14,2013,44,https://www.imdb.com/title/tt2243973/,0,0,0,0,0,1,0,1,0,0,0,0,1,0,0,1,0,0,0,0,0,0,0,1,0,0
224,John Adams,HBO,8.5,26602,81,"['biography', 'drama', 'history']",TV-14,2008,71,https://www.imdb.com/title/tt0472027/,0,0,0,1,0,0,0,1,0,0,0,1,0,0,0,0,0,0,0,0,0,0,0,0,0,0
225,Black Books,Channel 4,8.5,51727,93,['comedy'],TV-PG,2000,25,https://www.imdb.com/title/tt0262150/,0,0,0,0,1,0,0,0,0,0,0,0,0,0,0,0,0,0,0,0,0,0,0,0,0,0
226,I'm Alan Partridge,BBC Two,8.5,17612,100,['comedy'],TV-MA,1997,29,https://www.imdb.com/title/tt0129690/,0,0,0,0,1,0,0,0,0,0,0,0,0,0,0,0,0,0,0,0,0,0,0,0,0,0
227,The Family Man,Amazon Prime Video,8.5,17160,93,"['action', 'comedy', 'drama']",unrated,2019,45,https://www.imdb.com/title/tt9544034/,1,0,0,0,1,0,0,1,0,0,0,0,0,0,0,0,0,0,0,0,0,0,0,0,0,0
228,Queer Eye,Netflix,8.5,13206,91,['reality-tv'],TV-14,2018,45,https://www.imdb.com/title/tt7259746/,0,0,0,0,0,0,0,0,0,0,0,0,0,0,0,0,0,1,0,0,0,0,0,0,0,0
229,Erased,Netflix,8.5,21474,100,"['animation', 'drama', 'fantasy', 'mystery', 'sci-fi', 'thriller']",TV-14,2016,30,https://www.imdb.com/title/tt5249462/,0,0,1,0,0,0,0,1,0,1,0,0,0,0,0,1,0,0,0,1,0,0,0,1,0,0
230,Spartacus,Starz,8.5,213959,67,"['action', 'adventure', 'biography', 'drama', 'history', 'romance']",TV-MA,2010,55,https://www.imdb.com/title/tt1442449/,1,1,0,1,0,0,0,1,0,0,0,1,0,0,0,0,0,0,1,0,0,0,0,0,0,0
231,Pose,FX,8.5,14383,96,['drama'],TV-MA,2018,60,https://www.imdb.com/title/tt7562112/,0,0,0,0,0,0,0,1,0,0,0,0,0,0,0,0,0,0,0,0,0,0,0,0,0,0
232,The Dark Crystal: Age of Resistance,Netflix,8.5,18230,88,"['adventure', 'drama', 'family', 'fantasy', 'sci-fi']",TV-PG,2019,60,https://www.imdb.com/title/tt6905542/,0,1,0,0,0,0,0,1,1,1,0,0,0,0,0,0,0,0,0,1,0,0,0,0,0,0
233,My Hero Academia,Crunchyroll ,8.5,24780,100,"['animation', 'action', 'adventure', 'comedy', 'fantasy', 'sci-fi']",TV-14,2016,24,https://www.imdb.com/title/tt5626028/,1,1,1,0,1,0,0,0,0,1,0,0,0,0,0,0,0,0,0,1,0,0,0,0,0,0
234,Luther,BBC,8.4,113587,88,"['crime', 'drama', 'mystery', 'thriller']",TV-MA,2010,60,https://www.imdb.com/title/tt1474684/,0,0,0,0,0,1,0,1,0,0,0,0,0,0,0,1,0,0,0,0,0,0,0,1,0,0
235,The Knick,Cinemax,8.4,41494,92,"['drama', 'history']",TV-MA,2014,58,https://www.imdb.com/title/tt2937900/,0,0,0,0,0,0,0,1,0,0,0,1,0,0,0,0,0,0,0,0,0,0,0,0,0,0
236,The Venture Bros.,Cartoon Network,8.4,22678,92,"['animation', 'comedy', 'sci-fi']",TV-MA,2003,22,https://www.imdb.com/title/tt0417373/,0,0,1,0,1,0,0,0,0,0,0,0,0,0,0,0,0,0,0,1,0,0,0,0,0,0
237,Wentworth,Channel 5,8.4,15792,98,"['crime', 'drama']",TV-MA,2013,45,https://www.imdb.com/title/tt2433738/,0,0,0,0,0,1,0,1,0,0,0,0,0,0,0,0,0,0,0,0,0,0,0,0,0,0
238,Samurai Jack,Cartoon Network,8.4,42659,93,"['animation', 'action', 'adventure', 'drama', 'fantasy', 'sci-fi', 'thriller']",TV-14,2001,25,https://www.imdb.com/title/tt0278238/,1,1,1,0,0,0,0,1,0,1,0,0,0,0,0,0,0,0,0,1,0,0,0,1,0,0
239,Generation War,ZDF,8.4,23639,100,"['action', 'drama', 'history', 'war']",TV-MA,2013,14,https://www.imdb.com/title/tt1883092/,1,0,0,0,0,0,0,1,0,0,0,1,0,0,0,0,0,0,0,0,0,0,0,0,1,0
240,Mushi-Shi,Fuji TV,8.4,11125,100,"['animation', 'drama', 'fantasy', 'horror', 'mystery', 'thriller']",TV-14,2005,24,https://www.imdb.com/title/tt0807832/,0,0,1,0,0,0,0,1,0,1,0,0,1,0,0,1,0,0,0,0,0,0,0,1,0,0
241,Inside No. 9,BBC Two,8.4,10718,100,"['comedy', 'drama', 'horror']",TV-MA,2014,30,https://www.imdb.com/title/tt2674806/,0,0,0,0,1,0,0,1,0,0,0,0,1,0,0,0,0,0,0,0,0,0,0,0,0,0
242,X-Men: The Animated Series,FOX,8.4,36051,85,"['animation', 'action', 'family', 'sci-fi', 'thriller']",TV-Y7,1992,23,https://www.imdb.com/title/tt0103584/,1,0,1,0,0,0,0,0,1,0,0,0,0,0,0,0,0,0,0,1,0,0,0,1,0,0
243,Futurama,Comedy Central,8.4,205817,95,"['animation', 'comedy', 'sci-fi']",TV-14,1999,22,https://www.imdb.com/title/tt0149460/,0,0,1,0,1,0,0,0,0,0,0,0,0,0,0,0,0,0,0,1,0,0,0,0,0,0
244,Ezel,Netflix,8.4,23671,100,"['crime', 'drama', 'thriller']",TV-14,2009,90,https://www.imdb.com/title/tt1534360/,0,0,0,0,0,1,0,1,0,0,0,0,0,0,0,0,0,0,0,0,0,0,0,1,0,0
245,American Crime Story,FX,8.4,74208,93,"['biography', 'crime', 'drama']",TV-MA,2016,42,https://www.imdb.com/title/tt2788432/,0,0,0,1,0,1,0,1,0,0,0,0,0,0,0,0,0,0,0,0,0,0,0,0,0,0
246,Delhi Crime,Netflix,8.4,8273,92,"['crime', 'drama']",unrated,2019,50,https://www.imdb.com/title/tt9398466/,0,0,0,0,0,1,0,1,0,0,0,0,0,0,0,0,0,0,0,0,0,0,0,0,0,0
