,title,imdb_rating,num_imdb_ratings,url,genres,tv_rating,release_year,runtime_mins
0,La Casa de Papel,8.5,215007,https://www.imdb.com/title/tt6468322/,"['action', 'crime', 'mystery', 'thriller']",TV-MA,2017.0,70.0
1,Ozark,8.4,136710,https://www.imdb.com/title/tt5071412/,"['crime', 'drama', 'thriller']",TV-MA,2017.0,60.0
2,Tiger King,7.8,33700,https://www.imdb.com/title/tt11823076/,"['documentary', 'crime']",TV-MA,2020.0,31.0
3,Westworld,8.7,388252,https://www.imdb.com/title/tt0475784/,"['drama', 'mystery', 'sci-fi', 'western']",TV-MA,2016.0,62.0
4,The Walking Dead,8.2,821809,https://www.imdb.com/title/tt1520211/,"['drama', 'horror', 'thriller']",TV-14,2010.0,44.0
5,Community,8.5,185048,https://www.imdb.com/title/tt1439629/,['comedy'],TV-14,2009.0,22.0
6,Better Call Saul,8.7,280536,https://www.imdb.com/title/tt3032476/,"['crime', 'drama']",TV-MA,2015.0,46.0
7,Unorthodox,8.2,15568,https://www.imdb.com/title/tt9815454/,['drama'],TV-MA,2020.0,21.0
8,Game of Thrones,9.3,1658978,https://www.imdb.com/title/tt0944947/,"['action', 'adventure', 'drama', 'fantasy', 'romance']",TV-MA,2011.0,57.0
9,Tales from the Loop,7.5,3362,https://www.imdb.com/title/tt8741290/,"['drama', 'sci-fi']",TV-MA,2020.0,
10,Breaking Bad,9.5,1332330,https://www.imdb.com/title/tt0903747/,"['crime', 'drama', 'thriller']",TV-MA,2008.0,49.0
11,Grey's Anatomy,7.6,231121,https://www.imdb.com/title/tt0413573/,"['drama', 'romance']",TV-14,2005.0,41.0
12,Homeland,8.3,293795,https://www.imdb.com/title/tt1796960/,"['crime', 'drama', 'mystery', 'thriller']",TV-MA,2011.0,55.0
13,The Office,8.9,348547,https://www.imdb.com/title/tt0386676/,['comedy'],TV-14,2005.0,22.0
14,Schitt's Creek,8.3,30569,https://www.imdb.com/title/tt3526078/,['comedy'],TV-14,2015.0,22.0
15,Peaky Blinders,8.8,276218,https://www.imdb.com/title/tt2442560/,"['crime', 'drama']",TV-MA,2013.0,60.0
16,Modern Family,8.4,325823,https://www.imdb.com/title/tt1442437/,"['comedy', 'drama', 'romance']",TV-PG,2009.0,22.0
17,Outlander,8.4,108101,https://www.imdb.com/title/tt3006802/,"['drama', 'fantasy', 'romance']",TV-MA,2014.0,64.0
18,The Mandalorian,8.7,153512,https://www.imdb.com/title/tt8111088/,"['action', 'adventure', 'sci-fi']",TV-PG,2019.0,30.0
19,Vikings,8.6,383867,https://www.imdb.com/title/tt2306299/,"['action', 'adventure', 'drama', 'history', 'romance', 'war']",TV-MA,2013.0,44.0
20,Little Fires Everywhere,7.6,2400,https://www.imdb.com/title/tt8089592/,['drama'],TV-MA,2020.0,
21,Homecoming,7.5,15757,https://www.imdb.com/title/tt7008682/,"['drama', 'thriller']",TV-MA,2018.0,30.0
22,Brooklyn Nine-Nine,8.4,186718,https://www.imdb.com/title/tt2467372/,"['comedy', 'crime']",TV-14,2013.0,22.0
23,Supernatural,8.4,371347,https://www.imdb.com/title/tt0460681/,"['drama', 'fantasy', 'horror', 'mystery', 'thriller']",TV-14,2005.0,44.0
24,All American,7.6,4369,https://www.imdb.com/title/tt7414406/,"['drama', 'sport']",TV-14,2018.0,45.0
25,Stranger Things,8.8,725728,https://www.imdb.com/title/tt4574334/,"['drama', 'fantasy', 'horror', 'mystery', 'sci-fi', 'thriller']",TV-14,2016.0,51.0
26,The Blacklist,8.0,177735,https://www.imdb.com/title/tt2741602/,"['crime', 'drama', 'mystery', 'thriller']",TV-14,2013.0,43.0
27,Killing Eve,8.3,65731,https://www.imdb.com/title/tt7016936/,"['action', 'adventure', 'drama', 'thriller']",TV-14,2018.0,42.0
28,Friends,8.9,750880,https://www.imdb.com/title/tt0108778/,"['comedy', 'romance']",TV-14,1994.0,22.0
29,Star Trek: Picard,7.7,30229,https://www.imdb.com/title/tt8806524/,"['action', 'adventure', 'drama', 'sci-fi']",TV-MA,2020.0,46.0
30,Black Mirror,8.8,392377,https://www.imdb.com/title/tt2085059/,"['drama', 'sci-fi', 'thriller']",TV-MA,2011.0,60.0
31,Lucifer,8.2,190032,https://www.imdb.com/title/tt4052886/,"['crime', 'drama', 'fantasy']",TV-14,2015.0,42.0
32,Devs,7.9,5097,https://www.imdb.com/title/tt8134186/,"['drama', 'mystery', 'sci-fi', 'thriller']",TV-MA,2020.0,50.0
33,Criminal Minds,8.1,148106,https://www.imdb.com/title/tt0452046/,"['crime', 'drama', 'mystery', 'thriller']",TV-14,2005.0,42.0
34,Panchayat,9.0,8029,https://www.imdb.com/title/tt12004706/,"['comedy', 'drama']","
 See all certifications »
            ",2020.0,
35,Elite,7.6,33723,https://www.imdb.com/title/tt7134908/,"['crime', 'drama', 'thriller']",TV-MA,2018.0,60.0
36,The Witcher,8.3,242899,https://www.imdb.com/title/tt5180504/,"['action', 'adventure', 'drama', 'fantasy', 'horror', 'mystery']",TV-MA,2019.0,60.0
37,Rick and Morty,9.2,330309,https://www.imdb.com/title/tt2861424/,"['animation', 'adventure', 'comedy', 'sci-fi']",TV-14,2013.0,23.0
38,The Wire,9.3,263663,https://www.imdb.com/title/tt0306414/,"['crime', 'drama', 'thriller']",TV-MA,2002.0,59.0
39,Home Before Dark,7.6,1430,https://www.imdb.com/title/tt6053512/,"['crime', 'drama', 'mystery']",TV-14,2020.0,
40,The Big Show Show,6.5,863,https://www.imdb.com/title/tt10726356/,['comedy'],"
 See all certifications »
            ",2020.0,
41,The Sopranos,9.2,273689,https://www.imdb.com/title/tt0141842/,"['crime', 'drama']",TV-MA,1999.0,55.0
42,Dark,8.7,168730,https://www.imdb.com/title/tt5753856/,"['crime', 'drama', 'mystery', 'sci-fi', 'thriller']",TV-MA,2017.0,60.0
43,The Flash,7.7,293837,https://www.imdb.com/title/tt3107288/,"['action', 'adventure', 'drama', 'sci-fi']",TV-PG,2014.0,43.0
44,Sex Education,8.3,125342,https://www.imdb.com/title/tt7767422/,"['comedy', 'drama']",TV-MA,2019.0,45.0
45,Hunters,7.2,19577,https://www.imdb.com/title/tt7456722/,"['crime', 'drama', 'mystery']",TV-MA,2020.0,60.0
46,Fargo,8.9,297634,https://www.imdb.com/title/tt2802850/,"['crime', 'drama', 'thriller']",TV-MA,2014.0,53.0
47,Prison Break,8.3,448235,https://www.imdb.com/title/tt0455275/,"['action', 'crime', 'drama', 'mystery', 'thriller']",TV-14,2005.0,44.0
48,Future Man,7.8,17792,https://www.imdb.com/title/tt4975856/,"['action', 'adventure', 'comedy', 'fantasy', 'sci-fi']",TV-MA,2017.0,30.0
49,Hawaii Five-0,7.3,64314,https://www.imdb.com/title/tt1600194/,"['action', 'crime', 'drama']",TV-14,2010.0,42.0
50,The Outsider,8.0,41430,https://www.imdb.com/title/tt8550800/,"['crime', 'drama', 'fantasy', 'mystery', 'thriller']",TV-MA,2020.0,60.0
51,Law & Order: Special Victims Unit,8.0,75227,https://www.imdb.com/title/tt0203259/,"['crime', 'drama', 'mystery', 'thriller']",TV-14,1999.0,60.0
52,Altered Carbon,8.1,129504,https://www.imdb.com/title/tt2261227/,"['action', 'drama', 'sci-fi', 'thriller']",TV-MA,2018.0,60.0
53,The Good Doctor,8.2,54676,https://www.imdb.com/title/tt6470478/,['drama'],TV-14,2017.0,41.0
54,Suits,8.5,345074,https://www.imdb.com/title/tt1632701/,"['comedy', 'drama']",TV-14,2011.0,44.0
55,The Handmaid's Tale,8.5,150533,https://www.imdb.com/title/tt5834204/,"['drama', 'sci-fi', 'thriller']",TV-MA,2017.0,60.0
56,Legacies,7.5,14928,https://www.imdb.com/title/tt8103070/,"['adventure', 'drama', 'fantasy', 'horror', 'mystery']",TV-14,2018.0,45.0
57,Freud,6.6,5575,https://www.imdb.com/title/tt8667956/,['crime'],TV-MA,2020.0,55.0
58,How to Get Away with Murder,8.1,113146,https://www.imdb.com/title/tt3205802/,"['crime', 'drama', 'mystery', 'thriller']",TV-14,2014.0,43.0
59,Star Wars: The Clone Wars,8.1,47214,https://www.imdb.com/title/tt0458290/,"['animation', 'action', 'adventure', 'drama', 'fantasy', 'sci-fi']",TV-PG,2008.0,23.0
60,Shameless,8.6,188173,https://www.imdb.com/title/tt1586680/,"['comedy', 'drama']",TV-MA,2011.0,46.0
61,Locke & Key,7.4,28620,https://www.imdb.com/title/tt3007572/,"['drama', 'fantasy', 'horror', 'thriller']",TV-14,2020.0,48.0
62,American Horror Story,8.1,264112,https://www.imdb.com/title/tt1844624/,"['drama', 'horror', 'thriller']",TV-MA,2011.0,60.0
63,Mad Men,8.6,193015,https://www.imdb.com/title/tt0804503/,['drama'],TV-14,2007.0,47.0
64,The Crown,8.7,109909,https://www.imdb.com/title/tt4786824/,"['drama', 'history']",TV-MA,2016.0,58.0
65,Chernobyl,9.4,442470,https://www.imdb.com/title/tt7366338/,"['drama', 'history', 'thriller']",TV-MA,2019.0,33.0
66,NCIS,7.8,113655,https://www.imdb.com/title/tt0364845/,"['action', 'crime', 'drama', 'mystery', 'thriller']",TV-14,2003.0,
67,The 100,7.7,191640,https://www.imdb.com/title/tt2661044/,"['drama', 'mystery', 'sci-fi']",TV-14,2014.0,43.0
68,Zoey's Extraordinary Playlist,7.9,4191,https://www.imdb.com/title/tt10314462/,"['comedy', 'drama', 'musical']",TV-14,2020.0,60.0
69,The Rookie,8.0,15259,https://www.imdb.com/title/tt7587890/,"['comedy', 'crime', 'drama']",TV-14,2018.0,43.0
70,This Is Us,8.7,91313,https://www.imdb.com/title/tt5555260/,"['comedy', 'drama', 'romance']",TV-14,2016.0,45.0
71,The Big Bang Theory,8.1,684180,https://www.imdb.com/title/tt0898266/,"['comedy', 'romance']",TV-14,2007.0,22.0
72,True Detective,9.0,471428,https://www.imdb.com/title/tt2356777/,"['crime', 'drama', 'mystery', 'thriller']",TV-MA,2014.0,55.0
73,Sherlock,9.1,754631,https://www.imdb.com/title/tt1475582/,"['crime', 'drama', 'mystery', 'thriller']",TV-14,2010.0,88.0
74,The English Game,7.7,6007,https://www.imdb.com/title/tt8403664/,['sport'],"
 See all certifications »
            ",2020.0,
75,You,7.8,118269,https://www.imdb.com/title/tt7335184/,"['crime', 'drama', 'romance', 'thriller']",TV-MA,2018.0,45.0
76,The Simpsons,8.7,349254,https://www.imdb.com/title/tt0096697/,"['animation', 'comedy']",TV-PG,1989.0,22.0
77,Lost,8.3,472317,https://www.imdb.com/title/tt0411008/,"['adventure', 'drama', 'fantasy', 'mystery', 'sci-fi', 'thriller']",TV-14,2004.0,44.0
78,The Boys,8.7,138556,https://www.imdb.com/title/tt1190634/,"['action', 'comedy', 'crime', 'sci-fi']",TV-MA,2019.0,60.0
79,Asur: Welcome to Your Dark Side,8.6,11598,https://www.imdb.com/title/tt11912196/,"['crime', 'drama', 'thriller']",,2020.0,43.0
80,Narcos,8.8,325547,https://www.imdb.com/title/tt2707408/,"['biography', 'crime', 'drama', 'thriller']",TV-MA,2015.0,49.0
81,The Vampire Diaries,7.7,269768,https://www.imdb.com/title/tt1405406/,"['drama', 'fantasy', 'horror', 'mystery', 'romance', 'thriller']",TV-14,2009.0,43.0
82,Manifest,7.2,19120,https://www.imdb.com/title/tt8421350/,"['drama', 'mystery']",TV-14,2018.0,43.0
83,Chicago P.D.,8.1,25162,https://www.imdb.com/title/tt2805096/,"['action', 'crime', 'drama', 'thriller']",TV-14,2014.0,43.0
84,How I Met Your Mother,8.3,569198,https://www.imdb.com/title/tt0460649/,"['comedy', 'romance']",TV-14,2005.0,22.0
85,Parks and Recreation,8.6,193018,https://www.imdb.com/title/tt1266020/,['comedy'],TV-14,2009.0,22.0
86,Riverdale,7.0,104168,https://www.imdb.com/title/tt5420376/,"['crime', 'drama', 'mystery', 'romance']",TV-14,2017.0,45.0
87,Sons of Anarchy,8.6,241891,https://www.imdb.com/title/tt1124373/,"['crime', 'drama', 'thriller']",TV-MA,2008.0,45.0
88,Chicago Fire,7.9,32900,https://www.imdb.com/title/tt2261391/,"['action', 'drama']",TV-14,2012.0,43.0
89,Arrow,7.6,397565,https://www.imdb.com/title/tt2193021/,"['action', 'adventure', 'crime', 'drama', 'mystery', 'sci-fi']",TV-14,2012.0,42.0
90,The Stranger,7.4,23524,https://www.imdb.com/title/tt9698480/,"['mystery', 'thriller']",TV-MA,2020.0,42.0
91,Succession,8.5,25684,https://www.imdb.com/title/tt7660850/,['drama'],TV-MA,2018.0,60.0
92,House M.D.,8.7,394820,https://www.imdb.com/title/tt0412142/,"['drama', 'mystery']",TV-14,2004.0,44.0
93,Good Girls,7.9,24826,https://www.imdb.com/title/tt6474378/,"['comedy', 'crime', 'drama']",TV-14,2018.0,43.0
94,The Sinner,8.0,71695,https://www.imdb.com/title/tt6048596/,"['crime', 'drama', 'mystery', 'thriller']",TV-MA,2017.0,45.0
95,Curb Your Enthusiasm,8.7,94907,https://www.imdb.com/title/tt0264235/,['comedy'],TV-MA,2000.0,28.0
96,Jack Ryan,8.1,77617,https://www.imdb.com/title/tt5057054/,"['action', 'drama', 'thriller']",TV-MA,2018.0,60.0
97,Psych,8.3,80457,https://www.imdb.com/title/tt0491738/,"['comedy', 'crime', 'mystery']",TV-PG,2006.0,44.0
98,The Expanse,8.5,89785,https://www.imdb.com/title/tt3230854/,"['drama', 'mystery', 'sci-fi', 'thriller']",TV-14,2015.0,60.0
99,Mr. Robot,8.5,310388,https://www.imdb.com/title/tt4158110/,"['crime', 'drama', 'thriller']",TV-MA,2015.0,49.0
100,Planet Earth II,9.496013103160651,86650,https://www.imdb.com/title/tt5491994/,['documentary'],TV-G,2016.0,29.0
101,Planet Earth,9.441207038282425,158876,https://www.imdb.com/title/tt0795176/,['documentary'],TV-PG,2006.0,53.0
102,Band of Brothers,9.428696549441195,349246,https://www.imdb.com/title/tt0185906/,"['action', 'drama', 'history', 'war']",TV-MA,2001.0,59.0
103,Blue Planet II,9.301961192695376,28145,https://www.imdb.com/title/tt6769208/,['documentary'],TV-G,2017.0,36.0
104,Our Planet,9.25597160059518,23829,https://www.imdb.com/title/tt9253866/,['documentary'],TV-G,2019.0,40.0
105,Cosmos: A Spacetime Odyssey,9.243233397960015,104082,https://www.imdb.com/title/tt2395695/,['documentary'],TV-PG,2014.0,55.0
106,Cosmos,9.225971047110061,34160,https://www.imdb.com/title/tt0081846/,['documentary'],TV-PG,1980.0,60.0
107,Avatar: The Last Airbender,9.16465652381907,211267,https://www.imdb.com/title/tt0417299/,"['animation', 'action', 'adventure', 'family', 'fantasy', 'mystery']",TV-Y7-FV,2005.0,23.0
108,The World at War,9.130414693951339,20410,https://www.imdb.com/title/tt0071075/,"['documentary', 'history', 'war']",TV-PG,1973.0,52.0
109,Life,9.098891932179882,36412,https://www.imdb.com/title/tt1533395/,['documentary'],TV-G,2009.0,47.0
110,The Vietnam War,9.05676130159586,16728,https://www.imdb.com/title/tt1877514/,"['documentary', 'history', 'war']",TV-MA,2017.0,99.0
111,Fullmetal Alchemist: Brotherhood,9.054501987805994,102557,https://www.imdb.com/title/tt1355642/,"['animation', 'action', 'adventure', 'comedy', 'drama', 'fantasy', 'sci-fi']",TV-14,2009.0,24.0
112,The Twilight Zone,9.008804205067916,66360,https://www.imdb.com/title/tt0052520/,"['drama', 'fantasy', 'horror', 'mystery', 'sci-fi', 'thriller']",TV-PG,1959.0,51.0
113,The Beatles Anthology,8.99968330193993,6604,https://www.imdb.com/title/tt0111893/,"['documentary', 'music']",,1995.0,60.0
114,Human Planet,8.995791925595547,22332,https://www.imdb.com/title/tt1806234/,['documentary'],TV-PG,2011.0,50.0
115,Sahsiyet,8.985596880913533,22403,https://www.imdb.com/title/tt7920978/,"['crime', 'drama', 'mystery']",,2018.0,79.0
116,The Blue Planet,8.979964641098661,32022,https://www.imdb.com/title/tt0296310/,['documentary'],TV-G,2001.0,38.0
117,Batman: The Animated Series,8.966125256967167,81342,https://www.imdb.com/title/tt0103359/,"['animation', 'action', 'adventure', 'family', 'sci-fi']",TV-PG,1992.0,23.0
118,Firefly,8.960682667476139,235211,https://www.imdb.com/title/tt0303461/,"['adventure', 'drama', 'sci-fi']",TV-14,2002.0,44.0
119,Frozen Planet,8.955160320328208,24885,https://www.imdb.com/title/tt2092588/,['documentary'],TV-PG,2011.0,60.0
120,Dekalog,8.950717773570924,20117,https://www.imdb.com/title/tt0092337/,['drama'],TV-MA,1989.0,57.0
121,The Civil War,8.932099900943307,12521,https://www.imdb.com/title/tt0098769/,"['documentary', 'history', 'war']",TV-14,1990.0,
122,Death Note,8.926515789271408,206493,https://www.imdb.com/title/tt0877057/,"['animation', 'crime', 'drama', 'fantasy', 'mystery', 'thriller']",TV-14,2006.0,24.0
123,Apocalypse: La 2ème guerre mondiale,8.916334577347621,8525,https://www.imdb.com/title/tt1508238/,"['documentary', 'history', 'war']","
 See all certifications »
            ",2009.0,31.0
124,Cowboy Bebop,8.905295992466083,81811,https://www.imdb.com/title/tt0213338/,"['animation', 'action', 'adventure', 'drama', 'sci-fi', 'thriller']",TV-14,1998.0,24.0
125,Africa,8.899993149260075,13070,https://www.imdb.com/title/tt2571774/,['documentary'],"
 See all certifications »
            ",2013.0,36.0
126,Ramayan,8.894487642562595,5699,https://www.imdb.com/title/tt0268093/,"['family', 'fantasy', 'war']",,1987.0,30.0
127,When They See Us,8.891571452222399,67742,https://www.imdb.com/title/tt7137906/,"['biography', 'crime', 'drama', 'history']",TV-MA,2019.0,29.0
128,Last Week Tonight with John Oliver,8.887154665101654,73597,https://www.imdb.com/title/tt3530232/,"['comedy', 'news', 'talk-show']",TV-MA,2014.0,30.0
129,TVF Pitchers,8.847769286836812,47546,https://www.imdb.com/title/tt4742876/,"['comedy', 'drama']",TV-MA,2015.0,40.0
130,Only Fools and Horses....,8.844077102028352,43752,https://www.imdb.com/title/tt0081912/,['comedy'],TV-PG,1981.0,30.0
131,Hunter x Hunter,8.835336916234027,43239,https://www.imdb.com/title/tt2098220/,"['animation', 'action', 'adventure', 'comedy', 'fantasy']",TV-14,2011.0,24.0
132,Monty Python's Flying Circus,8.812021776550804,64011,https://www.imdb.com/title/tt0063929/,['comedy'],TV-14,1969.0,30.0
133,Das Boot,8.810357563106969,24572,https://www.imdb.com/title/tt0081834/,"['drama', 'thriller', 'war']",TV-MA,1985.0,50.0
134,Seinfeld,8.800571389161046,239513,https://www.imdb.com/title/tt0098904/,['comedy'],TV-PG,1989.0,22.0
135,Pride and Prejudice,8.797212641300133,71732,https://www.imdb.com/title/tt0112130/,"['drama', 'romance']",TV-PG,1995.0,32.0
136,Gravity Falls,8.79595873276661,62530,https://www.imdb.com/title/tt1865718/,"['animation', 'action', 'adventure', 'comedy', 'family', 'fantasy', 'mystery', 'sci-fi']",TV-Y7,2012.0,23.0
137,Twin Peaks,8.772557364067056,164116,https://www.imdb.com/title/tt0098936/,"['crime', 'drama', 'mystery', 'thriller']",TV-MA,1990.0,47.0
138,Over the Garden Wall,8.770040075698063,34460,https://www.imdb.com/title/tt3718778/,"['animation', 'adventure', 'drama', 'family', 'fantasy', 'horror', 'mystery', 'thriller']",TV-PG,2014.0,11.0
139,One Punch Man,8.767117163443395,99973,https://www.imdb.com/title/tt4508902/,"['animation', 'action', 'comedy', 'fantasy', 'sci-fi']",TV-PG,2015.0,24.0
140,Nathan for You,8.759007449477206,16218,https://www.imdb.com/title/tt2297757/,"['documentary', 'comedy']",TV-14,2013.0,30.0
141,Vratice se rode,8.748873848442464,5153,https://www.imdb.com/title/tt1043822/,"['comedy', 'crime', 'drama', 'romance']",,2007.0,55.0
142,Blackadder Goes Forth,8.743382726767665,46162,https://www.imdb.com/title/tt0096548/,"['comedy', 'war']",TV-PG,1989.0,17.0
143,Freaks and Geeks,8.738796331608944,123427,https://www.imdb.com/title/tt0193676/,"['comedy', 'drama']",TV-14,1999.0,44.0
144,Senke nad Balkanom,8.730313497365257,7535,https://www.imdb.com/title/tt6108262/,"['crime', 'drama', 'thriller']",,2017.0,60.0
145,Fawlty Towers,8.729975422542005,80669,https://www.imdb.com/title/tt0072500/,['comedy'],TV-PG,1975.0,30.0
146,Arrested Development,8.723296072092918,265792,https://www.imdb.com/title/tt0367279/,['comedy'],TV-14,2003.0,22.0
147,Attack on Titan,8.721026374202102,137508,https://www.imdb.com/title/tt2560140/,"['animation', 'action', 'adventure', 'drama', 'fantasy', 'horror']",TV-MA,2013.0,24.0
148,Chappelle's Show,8.718478849440688,50193,https://www.imdb.com/title/tt0353049/,"['comedy', 'music']",TV-MA,2003.0,22.0
149,It's Always Sunny in Philadelphia,8.715643976685655,180295,https://www.imdb.com/title/tt0472954/,['comedy'],TV-MA,2005.0,22.0
150,Rome,8.710975021938419,147871,https://www.imdb.com/title/tt0384766/,"['action', 'drama', 'history', 'romance', 'war']",TV-MA,2005.0,52.0
151,House of Cards,8.702570950643674,448383,https://www.imdb.com/title/tt1856010/,['drama'],TV-MA,2013.0,51.0
152,Kota Factory,8.701814289379426,18220,https://www.imdb.com/title/tt9432978/,"['comedy', 'drama']",,2019.0,45.0
153,Dragon Ball Z: Doragon bôru zetto,8.700664765310789,63104,https://www.imdb.com/title/tt0121220/,"['animation', 'action', 'adventure', 'comedy', 'drama', 'fantasy', 'sci-fi', 'thriller']",TV-PG,1989.0,24.0
154,Oz,8.69827081676266,85006,https://www.imdb.com/title/tt0118421/,"['crime', 'drama', 'thriller']",TV-MA,1997.0,55.0
155,The West Wing,8.697847082388138,58992,https://www.imdb.com/title/tt0200276/,['drama'],TV-14,1999.0,44.0
156,Leyla ile Mecnun,8.696630388613572,85598,https://www.imdb.com/title/tt1831164/,"['adventure', 'comedy', 'drama', 'fantasy', 'mystery', 'romance']",TV-PG,2011.0,80.0
157,Steins;Gate,8.695530020300687,37748,https://www.imdb.com/title/tt1910272/,"['animation', 'comedy', 'drama', 'romance', 'sci-fi', 'thriller']",TV-14,2011.0,
158,Dragon Ball Z,8.695087425318812,107061,https://www.imdb.com/title/tt0214341/,"['animation', 'action', 'adventure', 'fantasy', 'sci-fi', 'thriller']",TV-PG,1996.0,24.0
159,Cobra Kai,8.692186897339324,39529,https://www.imdb.com/title/tt7221388/,"['action', 'comedy', 'drama', 'sport']",TV-14,2018.0,30.0
160,Vinland Saga,8.685676870706416,6273,https://www.imdb.com/title/tt10233448/,"['animation', 'action', 'adventure', 'history']","
 See all certifications »
            ",2019.0,24.0
161,"I, Claudius",8.68135741516842,14977,https://www.imdb.com/title/tt0074006/,"['biography', 'drama', 'history']",Not Rated,1976.0,65.0
162,The Marvelous Mrs. Maisel,8.680616262958104,65756,https://www.imdb.com/title/tt5788792/,"['comedy', 'drama']",TV-MA,2017.0,
163,One Strange Rock,8.679729644774701,5502,https://www.imdb.com/title/tt7651892/,['documentary'],TV-PG,2018.0,47.0
164,Mahabharat,8.676845554940847,8656,https://www.imdb.com/title/tt0158417/,"['drama', 'history', 'war']",,1988.0,45.0
165,Meme Review,8.669460335401624,6250,https://www.imdb.com/title/tt9621106/,"['short', 'comedy', 'talk-show']",TV-14,2017.0,
166,Content Cop,8.667855671194584,11320,https://www.imdb.com/title/tt6111552/,"['documentary', 'comedy', 'crime']",TV-MA,2015.0,20.0
167,Fleabag,8.667030223603476,67933,https://www.imdb.com/title/tt5687612/,"['comedy', 'drama']",TV-MA,2016.0,27.0
168,Sarabhai vs Sarabhai,8.662773265093099,13645,https://www.imdb.com/title/tt1518542/,['comedy'],TV-PG,2004.0,30.0
169,The Jinx: The Life and Deaths of Robert Durst,8.657517324820141,36320,https://www.imdb.com/title/tt4299972/,"['documentary', 'crime']",TV-14,2015.0,27.0
170,The Adventures of Sherlock Holmes,8.655737725508573,18823,https://www.imdb.com/title/tt0086661/,"['crime', 'drama', 'mystery']",TV-PG,1984.0,60.0
171,Six Feet Under,8.6507502452145,115245,https://www.imdb.com/title/tt0248654/,"['comedy', 'drama']",TV-MA,2001.0,55.0
172,The Thick of It,8.649765734758939,18987,https://www.imdb.com/title/tt0459159/,['comedy'],TV-MA,2005.0,29.0
173,Justice League Unlimited,8.649745209456128,8399,https://www.imdb.com/title/tt6025022/,"['animation', 'action', 'adventure', 'fantasy', 'sci-fi']",TV-Y7-FV,2004.0,23.0
174,South Park,8.64880894484263,317589,https://www.imdb.com/title/tt0121955/,"['animation', 'comedy']",TV-MA,1997.0,22.0
175,BoJack Horseman,8.642900728179603,93131,https://www.imdb.com/title/tt3398228/,"['animation', 'comedy', 'drama']",TV-MA,2014.0,25.0
176,Demon Slayer: Kimetsu No Yaiba,8.636256742097151,10861,https://www.imdb.com/title/tt9335498/,"['animation', 'action', 'fantasy', 'thriller']",TV-MA,2019.0,25.0
177,The Promised Neverland,8.634326471915145,8864,https://www.imdb.com/title/tt8788458/,"['animation', 'fantasy', 'horror', 'mystery', 'sci-fi', 'thriller']",TV-14,2019.0,30.0
178,Pew News,8.633943936650986,13427,https://www.imdb.com/title/tt9566030/,"['comedy', 'news']",TV-MA,2018.0,15.0
179,The Return of Sherlock Holmes,8.633036468035954,9827,https://www.imdb.com/title/tt0090509/,"['crime', 'drama', 'mystery']",TV-PG,1986.0,60.0
180,Aranyélet,8.63165021122303,6551,https://www.imdb.com/title/tt5099020/,"['action', 'drama', 'thriller']","
 See all certifications »
            ",2015.0,60.0
181,Battlestar Galactica,8.63065858440132,146726,https://www.imdb.com/title/tt0407362/,"['action', 'adventure', 'drama', 'sci-fi']",TV-14,2004.0,44.0
182,Critical Role,8.629255032043949,6727,https://www.imdb.com/title/tt4834232/,"['adventure', 'fantasy']",TV-14,2015.0,18.0
183,One Piece: Wan pîsu,8.624862988900976,60047,https://www.imdb.com/title/tt0388629/,"['animation', 'action', 'adventure', 'comedy', 'fantasy']",TV-14,1999.0,24.0
184,Top Gear,8.62396802013154,104959,https://www.imdb.com/title/tt1628033/,['talk-show'],TV-PG,2002.0,60.0
185,The Shield,8.618908475225664,68651,https://www.imdb.com/title/tt0286486/,"['crime', 'drama', 'thriller']",TV-MA,2002.0,47.0
186,The Haunting of Hill House,8.61792995523373,142565,https://www.imdb.com/title/tt6763664/,"['drama', 'horror', 'mystery', 'thriller']",TV-MA,2018.0,50.0
187,Deadwood,8.610180708355218,89915,https://www.imdb.com/title/tt0348914/,"['crime', 'drama', 'history', 'western']",TV-MA,2004.0,55.0
188,The Grand Tour,8.60992684479014,59210,https://www.imdb.com/title/tt5712554/,"['comedy', 'talk-show']",TV-14,2016.0,60.0
189,Downton Abbey,8.608188577463505,152727,https://www.imdb.com/title/tt1606375/,"['drama', 'romance']",TV-PG,2010.0,58.0
190,Lonesome Dove,8.605115079965929,19459,https://www.imdb.com/title/tt0096639/,"['adventure', 'drama', 'western']",TV-14,1989.0,38.0
191,Berserk,8.602149673953019,26056,https://www.imdb.com/title/tt0318871/,"['animation', 'action', 'adventure', 'fantasy', 'horror', 'romance']",TV-14,1997.0,23.0
192,Blackadder II,8.591976791367276,41091,https://www.imdb.com/title/tt0088484/,['comedy'],TV-PG,1986.0,17.0
193,Bron/Broen,8.591101126100844,53646,https://www.imdb.com/title/tt1733785/,"['crime', 'mystery', 'thriller']",TV-MA,2011.0,60.0
194,The X-Files,8.588218987948553,190531,https://www.imdb.com/title/tt0106179/,"['crime', 'drama', 'mystery', 'sci-fi', 'thriller']",TV-14,1993.0,45.0
195,Star Trek: The Next Generation,8.587062120399928,93634,https://www.imdb.com/title/tt0092455/,"['action', 'adventure', 'mystery', 'sci-fi']",TV-PG,1987.0,44.0
196,The Memoirs of Sherlock Holmes,8.58685662250602,6648,https://www.imdb.com/title/tt0108855/,"['crime', 'drama', 'mystery']","
 See all certifications »
            ",1994.0,30.0
197,Archer,8.584244800982479,130732,https://www.imdb.com/title/tt1486217/,"['animation', 'action', 'comedy']",TV-MA,2009.0,22.0
198,Atlanta,8.582085157937053,45280,https://www.imdb.com/title/tt4288182/,"['comedy', 'drama', 'music']",TV-MA,2016.0,30.0
199,Line of Duty,8.579210959602237,26793,https://www.imdb.com/title/tt2303687/,"['crime', 'drama', 'mystery', 'thriller']",Not Rated,2012.0,60.0
200,Friday Night Lights,8.577350926956516,53371,https://www.imdb.com/title/tt0758745/,"['drama', 'sport']",TV-14,2006.0,44.0
201,Young Justice,8.575290916900551,29599,https://www.imdb.com/title/tt1641384/,"['animation', 'action', 'adventure', 'crime', 'romance', 'sci-fi']",TV-PG,2010.0,23.0
202,Code Geass: Lelouch of the Rebellion,8.575120698023575,44570,https://www.imdb.com/title/tt0994314/,"['animation', 'action', 'drama', 'mystery', 'sci-fi', 'thriller', 'war']",TV-14,2006.0,24.0
203,Gomorra: La serie,8.573938995966419,25790,https://www.imdb.com/title/tt2049116/,"['crime', 'drama', 'thriller']",TV-MA,2014.0,55.0
204,Dexter,8.573383069770902,619651,https://www.imdb.com/title/tt0773262/,"['crime', 'drama', 'mystery', 'thriller']",TV-MA,2006.0,53.0
205,Rurouni Kenshin: Trust and Betrayal,8.573256552900206,12472,https://www.imdb.com/title/tt0203082/,"['animation', 'action', 'adventure', 'drama', 'romance']",TV-MA,1999.0,30.0
206,Blackadder the Third,8.571442874309271,39217,https://www.imdb.com/title/tt0092324/,['comedy'],TV-PG,1987.0,18.0
207,Daredevil,8.569663387186088,345721,https://www.imdb.com/title/tt3322312/,"['action', 'crime', 'drama', 'fantasy', 'sci-fi', 'thriller']",TV-MA,2015.0,54.0
208,QI,8.565349092855243,28638,https://www.imdb.com/title/tt0380136/,"['comedy', 'game-show']",TV-PG,2003.0,30.0
209,Through the Wormhole,8.565000491518594,16324,https://www.imdb.com/title/tt1513168/,['documentary'],TV-PG,2010.0,60.0
210,Mindhunter,8.563593021216716,183355,https://www.imdb.com/title/tt5290382/,"['crime', 'drama', 'thriller']",TV-MA,2017.0,60.0
211,Yeh Meri Family,8.563133211600254,17009,https://www.imdb.com/title/tt8595766/,"['comedy', 'drama', 'family', 'musical', 'romance']","
 See all certifications »
            ",2018.0,30.0
212,The Bugs Bunny Show,8.562725180095352,30062,https://www.imdb.com/title/tt0053488/,"['animation', 'comedy']",TV-G,1960.0,25.0
213,Making a Murderer,8.560795635618677,82072,https://www.imdb.com/title/tt5189670/,"['documentary', 'crime']",TV-14,2015.0,60.0
214,Long Way Round,8.558736525256318,11272,https://www.imdb.com/title/tt0403778/,"['documentary', 'adventure']",TV-PG,2004.0,31.0
215,Peep Show,8.555637208712733,49377,https://www.imdb.com/title/tt0387764/,['comedy'],TV-MA,2003.0,25.0
216,North & South,8.555388466349621,28495,https://www.imdb.com/title/tt0417349/,"['drama', 'romance']",TV-PG,2004.0,23.0
217,The Eric Andre Show,8.555093943029549,10945,https://www.imdb.com/title/tt2244495/,"['comedy', 'talk-show']",TV-MA,2012.0,11.0
218,Mister Rogers' Neighborhood,8.553312959754447,6713,https://www.imdb.com/title/tt0062588/,"['family', 'fantasy', 'music']",TV-Y,1968.0,30.0
219,Father Ted,8.551158950622533,34750,https://www.imdb.com/title/tt0111958/,['comedy'],TV-14,1995.0,25.0
220,Sacred Games,8.550350778637736,65258,https://www.imdb.com/title/tt6077448/,"['action', 'crime', 'drama', 'thriller']",TV-MA,2018.0,50.0
221,Mind Your Language,8.549733251888252,6826,https://www.imdb.com/title/tt0075537/,['comedy'],"
 See all certifications »
            ",1977.0,30.0
222,Formula 1: Drive to Survive,8.544091975393359,12609,https://www.imdb.com/title/tt8289930/,"['documentary', 'sport']",TV-MA,2019.0,40.0
223,The Newsroom,8.537246363634203,99716,https://www.imdb.com/title/tt1870479/,['drama'],TV-MA,2012.0,55.0
224,Spaced,8.536197606809232,48126,https://www.imdb.com/title/tt0187664/,"['action', 'comedy']",TV-14,1999.0,25.0
225,Yes Minister,8.533003173673176,11685,https://www.imdb.com/title/tt0080306/,['comedy'],TV-PG,1980.0,30.0
226,Monster,8.532109585967959,17851,https://www.imdb.com/title/tt0434706/,"['animation', 'crime', 'drama', 'mystery', 'thriller']",TV-14,2004.0,24.0
227,Satyamev Jayate,8.532102239964837,6159,https://www.imdb.com/title/tt2360717/,"['documentary', 'talk-show']",TV-14,2012.0,
228,Umbre,8.530950098723135,7812,https://www.imdb.com/title/tt4269716/,"['crime', 'drama', 'thriller']",Not Rated,2014.0,45.0
229,El Chavo del Ocho,8.527493581138833,7575,https://www.imdb.com/title/tt0229889/,"['comedy', 'family', 'fantasy']",TV-PG,1972.0,30.0
230,Skam,8.526086227930039,25648,https://www.imdb.com/title/tt5288312/,"['drama', 'romance']",Not Rated,2015.0,30.0
231,Behzat Ç.: Bir Ankara Polisiyesi,8.525430093460082,25257,https://www.imdb.com/title/tt1795096/,"['crime', 'drama', 'mystery', 'thriller']",TV-14,2010.0,90.0
232,Brass Eye,8.524731249818668,9146,https://www.imdb.com/title/tt0118273/,['comedy'],TV-MA,1997.0,25.0
233,From the Earth to the Moon,8.520050045383037,10407,https://www.imdb.com/title/tt0120570/,"['action', 'drama', 'history', 'thriller']",TV-14,1998.0,60.0
234,Poirot,8.518637076401756,35421,https://www.imdb.com/title/tt0094525/,"['crime', 'drama', 'mystery', 'thriller']",TV-14,1989.0,10.0
235,Fullmetal Alchemist,8.518515728594473,58287,https://www.imdb.com/title/tt0421357/,"['animation', 'action', 'adventure', 'comedy', 'drama', 'fantasy', 'sci-fi']",TV-PG,2003.0,24.0
236,Justified,8.517957428885778,81215,https://www.imdb.com/title/tt1489428/,"['action', 'crime', 'drama', 'mystery', 'thriller', 'western']",TV-MA,2010.0,44.0
237,Dragon Ball,8.516971333134654,44161,https://www.imdb.com/title/tt0088509/,"['animation', 'action', 'adventure', 'comedy', 'fantasy', 'sci-fi', 'thriller']",TV-Y7,1986.0,24.0
238,"Love, Death & Robots",8.516172139060552,80258,https://www.imdb.com/title/tt9561862/,"['animation', 'short', 'comedy', 'fantasy', 'horror', 'sci-fi']",TV-MA,2019.0,15.0
239,Doctor Who,8.513932124471445,192836,https://www.imdb.com/title/tt0436992/,"['adventure', 'drama', 'family', 'mystery', 'sci-fi']",TV-PG,2005.0,45.0
240,Shin Seiki Evangelion,8.513019884571197,44016,https://www.imdb.com/title/tt0112159/,"['animation', 'action', 'drama', 'fantasy', 'sci-fi', 'thriller']",TV-14,1995.0,24.0
241,Justice League,8.512820215339303,38843,https://www.imdb.com/title/tt0275137/,"['animation', 'action', 'adventure', 'drama', 'family', 'fantasy', 'mystery', 'thriller']",TV-PG,2001.0,22.0
242,Adventure Time,8.512107121244389,70973,https://www.imdb.com/title/tt1305826/,"['animation', 'action', 'adventure', 'comedy', 'family', 'fantasy', 'sci-fi']",TV-PG,2010.0,11.0
243,Boardwalk Empire,8.511987104888593,165791,https://www.imdb.com/title/tt0979432/,"['crime', 'drama', 'history']",TV-MA,2010.0,55.0
244,Chef's Table,8.510601568485328,11959,https://www.imdb.com/title/tt4295140/,['documentary'],TV-MA,2015.0,50.0
245,The Untold History of the United States,8.509867598545757,7588,https://www.imdb.com/title/tt1494191/,"['documentary', 'history', 'war']",,2012.0,58.0
246,The Bugs Bunny/Road Runner Hour,8.509479548751468,8649,https://www.imdb.com/title/tt0062550/,"['animation', 'comedy']",,1968.0,50.0
247,Samurai Champloo,8.508657844340721,37335,https://www.imdb.com/title/tt0423731/,"['animation', 'action', 'adventure', 'comedy', 'drama', 'thriller']",TV-MA,2004.0,
248,Flight of the Conchords,8.505007576194517,52964,https://www.imdb.com/title/tt0863046/,"['comedy', 'music', 'musical']",TV-MA,2007.0,28.0
249,Haikyuu!!,8.504055759113186,5424,https://www.imdb.com/title/tt3398540/,"['animation', 'comedy', 'drama', 'sport']",TV-14,2014.0,24.0
250,Anne with an E,8.501242533286668,24700,https://www.imdb.com/title/tt5421602/,['drama'],TV-PG,2017.0,60.0
251,"Yes, Prime Minister",8.501093624662683,8939,https://www.imdb.com/title/tt0086831/,['comedy'],TV-PG,1986.0,30.0
252,Mystery Science Theater 3000,8.50075616052835,22456,https://www.imdb.com/title/tt0094517/,"['comedy', 'sci-fi']",TV-14,1988.0,92.0
253,The Defiant Ones,8.497400495053542,10228,https://www.imdb.com/title/tt6958022/,"['documentary', 'biography', 'crime', 'music']","
 See all certifications »
            ",2017.0,60.0
254,Generation Kill,8.496759376995854,45440,https://www.imdb.com/title/tt0995832/,"['drama', 'war']",TV-MA,2008.0,70.0
255,GTO,8.496641180310991,5070,https://www.imdb.com/title/tt0315008/,"['animation', 'comedy', 'drama', 'romance']",TV-MA,1999.0,24.0
256,The IT Crowd,8.495724552173431,125549,https://www.imdb.com/title/tt0487831/,['comedy'],TV-14,2006.0,25.0
257,Coupling,8.493894872417235,41520,https://www.imdb.com/title/tt0237123/,"['comedy', 'romance']",TV-14,2000.0,30.0
258,Louie,8.493890910077111,72556,https://www.imdb.com/title/tt1492966/,"['comedy', 'drama']",TV-MA,2010.0,22.0
259,The Night Of,8.493040753779104,108319,https://www.imdb.com/title/tt2401256/,"['crime', 'drama', 'mystery']",TV-MA,2016.0,52.0
260,Mr. Bean,8.492393610867548,95269,https://www.imdb.com/title/tt0096657/,"['comedy', 'family']",TV-G,1990.0,35.0
261,Big Little Lies,8.491008216935997,135667,https://www.imdb.com/title/tt3920596/,"['crime', 'drama', 'mystery']",TV-MA,2017.0,60.0
262,Impractical Jokers,8.48927186377051,30811,https://www.imdb.com/title/tt2100976/,"['comedy', 'reality-tv']",TV-14,,30.0
263,Alfred Hitchcock Presents,8.487845042832397,13963,https://www.imdb.com/title/tt0047708/,"['comedy', 'crime', 'drama', 'horror', 'mystery', 'thriller']",TV-14,1955.0,25.0
264,Silicon Valley,8.4860406009547,116879,https://www.imdb.com/title/tt2575988/,['comedy'],TV-MA,2014.0,28.0
265,Endeavour,8.480463797716707,16316,https://www.imdb.com/title/tt2701582/,"['crime', 'drama', 'mystery']",TV-14,2012.0,89.0
266,Whose Line Is It Anyway?,8.47406713418306,38823,https://www.imdb.com/title/tt0163507/,"['comedy', 'game-show']",TV-PG,1998.0,30.0
267,Detectorists,8.473624695774053,9448,https://www.imdb.com/title/tt4082744/,['comedy'],Not Rated,2014.0,30.0
268,Homicide: Life on the Street,8.473161705289478,11053,https://www.imdb.com/title/tt0106028/,"['crime', 'drama', 'mystery', 'thriller']",TV-14,1993.0,60.0
269,Horace and Pete,8.472577879914105,14035,https://www.imdb.com/title/tt5425186/,"['comedy', 'drama']",TV-MA,2016.0,67.0
270,Spartacus: Gods of the Arena,8.472562171974339,121267,https://www.imdb.com/title/tt1758429/,"['action', 'adventure', 'biography', 'drama', 'history', 'romance']",TV-MA,2011.0,33.0
271,Letterkenny,8.471082666428233,10842,https://www.imdb.com/title/tt4647692/,['comedy'],TV-MA,2016.0,30.0
272,The Punisher,8.467993533957458,167369,https://www.imdb.com/title/tt5675620/,"['action', 'adventure', 'crime', 'drama', 'sci-fi', 'thriller']",TV-MA,2017.0,53.0
273,Hannibal,8.46792294333307,212958,https://www.imdb.com/title/tt2243973/,"['crime', 'drama', 'horror', 'mystery', 'thriller']",TV-14,2013.0,44.0
274,John Adams,8.465590713982412,26602,https://www.imdb.com/title/tt0472027/,"['biography', 'drama', 'history']",TV-14,2008.0,71.0
275,Black Books,8.463091367029108,51727,https://www.imdb.com/title/tt0262150/,['comedy'],TV-PG,2000.0,25.0
276,I'm Alan Partridge,8.462995299874732,17612,https://www.imdb.com/title/tt0129690/,['comedy'],TV-MA,1997.0,29.0
277,The Family Man,8.46247195871536,17160,https://www.imdb.com/title/tt9544034/,"['action', 'comedy', 'drama']","
 See all certifications »
            ",2019.0,45.0
278,Queer Eye,8.458032220217984,13206,https://www.imdb.com/title/tt7259746/,['reality-tv'],TV-14,,45.0
279,The New Batman Adventures,8.457040198027203,13129,https://www.imdb.com/title/tt0118266/,"['animation', 'action', 'adventure', 'crime', 'drama', 'family', 'mystery']",TV-PG,1997.0,30.0
280,Dr. Horrible's Sing-Along Blog,8.454946491818047,40748,https://www.imdb.com/title/tt1227926/,"['short', 'comedy', 'musical', 'sci-fi']",TV-PG,2008.0,42.0
281,Erased,8.454631865413978,21474,https://www.imdb.com/title/tt5249462/,"['animation', 'drama', 'fantasy', 'mystery', 'sci-fi', 'thriller']",TV-14,2016.0,30.0
282,Spartacus,8.452745101277937,213959,https://www.imdb.com/title/tt1442449/,"['action', 'adventure', 'biography', 'drama', 'history', 'romance']",TV-MA,2010.0,55.0
283,Naruto: Shippûden,8.452260968831213,71958,https://www.imdb.com/title/tt0988824/,"['animation', 'action', 'adventure', 'comedy', 'drama', 'fantasy']",TV-PG,2007.0,24.0
284,Pose,8.451180955069798,14383,https://www.imdb.com/title/tt7562112/,['drama'],TV-MA,2018.0,60.0
285,Shigatsu wa kimi no uso,8.451050178175384,12345,https://www.imdb.com/title/tt3895150/,"['animation', 'drama', 'music', 'romance']",TV-PG,2014.0,23.0
286,The Dark Crystal: Age of Resistance,8.450875340020305,18230,https://www.imdb.com/title/tt6905542/,"['adventure', 'drama', 'family', 'fantasy', 'sci-fi']",TV-PG,2019.0,60.0
287,My Hero Academia,8.450024492942028,24780,https://www.imdb.com/title/tt5626028/,"['animation', 'action', 'adventure', 'comedy', 'fantasy', 'sci-fi']",TV-14,2016.0,24.0
288,Luther,8.447017805277685,113587,https://www.imdb.com/title/tt1474684/,"['crime', 'drama', 'mystery', 'thriller']",TV-MA,2010.0,60.0
289,Feud: Bette and Joan,8.446568382555046,15383,https://www.imdb.com/title/tt1984119/,"['biography', 'drama']",TV-MA,2017.0,45.0
290,The Knick,8.440043860602763,41494,https://www.imdb.com/title/tt2937900/,"['drama', 'history']",TV-MA,2014.0,58.0
291,Clannad: After Story,8.438436683676455,7831,https://www.imdb.com/title/tt1298820/,"['animation', 'comedy', 'drama', 'romance']",TV-PG,2008.0,24.0
292,Kôkaku kidôtai: Stand Alone Complex,8.437541950343025,17172,https://www.imdb.com/title/tt0346314/,"['animation', 'action', 'crime', 'sci-fi', 'thriller']",TV-MA,2002.0,24.0
293,The Venture Bros.,8.436818033109946,22678,https://www.imdb.com/title/tt0417373/,"['animation', 'comedy', 'sci-fi']",TV-MA,2003.0,22.0
294,Mob Psycho 100,8.435397507874303,10033,https://www.imdb.com/title/tt5897304/,"['animation', 'action', 'horror']",TV-14,2016.0,24.0
295,Rurouni Kenshin: Wandering Samurai,8.434877226329244,16729,https://www.imdb.com/title/tt0182629/,"['animation', 'action', 'adventure', 'comedy', 'drama', 'fantasy', 'history', 'romance', 'thriller']",TV-14,1996.0,24.0
296,Gintama,8.433665359904603,5389,https://www.imdb.com/title/tt0988818/,"['animation', 'action', 'comedy', 'sci-fi']",TV-14,2005.0,
297,Wentworth,8.431186391582424,15792,https://www.imdb.com/title/tt2433738/,"['crime', 'drama']",TV-MA,2013.0,45.0
298,Samurai Jack,8.431036779458632,42659,https://www.imdb.com/title/tt0278238/,"['animation', 'action', 'adventure', 'drama', 'fantasy', 'sci-fi', 'thriller']",TV-14,2001.0,25.0
299,Generation War,8.429163323130787,23639,https://www.imdb.com/title/tt1883092/,"['action', 'drama', 'history', 'war']",TV-MA,2013.0,14.0
300,Sseulsseulhago Chalranhashin: Dokkaebi,8.428528811613393,7724,https://www.imdb.com/title/tt5994364/,"['drama', 'fantasy', 'romance']","
 See all certifications »
            ",2016.0,60.0
301,Check It Out! with Dr. Steve Brule,8.427676150305269,5308,https://www.imdb.com/title/tt1657563/,"['comedy', 'talk-show']",TV-14,2010.0,11.0
302,Crime Scene Cleaner,8.425097373090892,5445,https://www.imdb.com/title/tt2147995/,"['comedy', 'crime']",,2011.0,26.0
303,Mushi-Shi,8.423146689772441,11125,https://www.imdb.com/title/tt0807832/,"['animation', 'drama', 'fantasy', 'horror', 'mystery', 'thriller']",TV-14,2005.0,24.0
304,Inside No. 9,8.422970333080986,10718,https://www.imdb.com/title/tt2674806/,"['comedy', 'drama', 'horror']",TV-MA,2014.0,30.0
305,This Is England '90,8.422309564214746,6329,https://www.imdb.com/title/tt2528254/,"['crime', 'drama']","
 See all certifications »
            ",2015.0,55.0
306,X-Men: The Animated Series,8.420993988351217,36051,https://www.imdb.com/title/tt0103584/,"['animation', 'action', 'family', 'sci-fi', 'thriller']",TV-Y7,1992.0,23.0
307,Futurama,8.420041993103302,205817,https://www.imdb.com/title/tt0149460/,"['animation', 'comedy', 'sci-fi']",TV-14,1999.0,22.0
308,Ezel,8.41975476377118,23671,https://www.imdb.com/title/tt1534360/,"['crime', 'drama', 'thriller']",TV-14,2009.0,90.0
309,American Crime Story,8.417052359303717,74208,https://www.imdb.com/title/tt2788432/,"['biography', 'crime', 'drama']",TV-MA,2016.0,42.0
310,Delhi Crime,8.415100658237794,8273,https://www.imdb.com/title/tt9398466/,"['crime', 'drama']","
 See all certifications »
            ",2019.0,50.0
311,Avrupa Yakasi,8.413995373990838,14935,https://www.imdb.com/title/tt0421291/,['comedy'],,2004.0,60.0
